Thalassiosira_weissflogii_0203592668	MRLPIASAILASTLASYAASLSFVPSTRPRNALAPPSIAIYHPQNGPTSKSKPSSHFLQMNDDPPKFSLSNLFSSDNNSSNSSLRGTVTKSKSSTEPHPSARPHINPLNALYPPHRQALEEGKVALESPPLPIHPAVQSGVLDNGFSWVFLPNRSPSGRFEAHLQVFSGSADELEPQQGIAHLTEHVAYMGSRKRERLFGTGSQTNAYTDFHHTVFYAACPTTTPRGDAHMLPMALDALCDVMEARCEPSRIEKERQAVLSEMTMVNTIEYRVECQILSTLHRENRLAKRFPIGKERLIQSWQQDDVKTWHRTHYRPDNVLLYVVGDLDPNFVEKTIQEKFGHLTAEKQGAEMKIPELKKEAALLADAVVGGTMKQAQSWHYPPVRHDFCVVDGVKDILESSDQLLKKEGGDDEEVPYDIHLQKPYSMDDKVNFLNEAELRPGKRLRPHIFKHELLQNFSFHLFAKRPVEPIRDLKSFRRSLARRICLAALQIRLNVNGRSDDPAFTFVEFNQLDSAREGCAVCSLDMTAEPNRWKEAVCKSISEIRKLGLYGVTPGEMERYASALLTDAEQLAAQGDMISHGDQLAYLMETVANGHTFMSPQQSYAVTEHALASLTLEEVNEAAAELCAHITGLKDGEISSNGVVVAVACTPKSSDASPETMVNDDKLCAAIMEACVMDVEPVEDVVVPHTLVTPEELQEAIVENPPKWESGQFSDGTPNTPSDRITRPFTLRRLGNGIRIGVAQNTAESQRGHLRLVAPGGRDAEKRLGFKKGSLAVGARAMQEGGSFGKFTREQVELFAVDHLIMVEINCNEESLVMDFVFPTTNVGNTGYGDSKQLGITGTEAVIQIVREILIDFNWEEDALGRSKQSYRTAHESLGKSLEGKSTEMIMEALSSGDERFLSIDVDTVNAITLEDAKNAVMSQLLPSELEISVAGDFNVNDVLEMIFNYLGTVPADANSQYRVTEGPEEFGNVPPLRLPGEFLDLELEDSDPRAVAYVAGAAPNLWGFLADGSTVAQKVSVADKRASDYDKQRRAHPLFGNAALALISEIANRRLFSTVRERKQLTYDANFSLTGFERMKGGWFLVTVTASKEKAQRALEACKETLEALRTSNPISPDNLESAKRVVLNRHEGELRTSSYWATMMSGIQEESVPLKGPLSVTDYHAVIESMTTRDLQLTLECMGLDDSELYTAIGKTVQPEGLVDDGIVKASPMAGMGRGGALMN
Thalassiosira_weissflogii_0203431958	MEKEGIAQSAISAFESTFNSLVSGNTGIIPEDSISPVPELVHADGITVEPNATLLAETVVLKLNGGLGTGMGLDKAKSLLEVKNGDTFLDLTAKQVMCMRKEFGQNVKFMLMNSFSTSDDTLEFFRTKYPNLAAEEGLEMLQNKVPKLCAKTFEPAVCESDPSNEWCPPGHGDLYAALIGSGRLDALLEGGYKYMFVSNSDNLGATLDLKILTHFATTDASFMMECCARTENDKKGGHLAVRNSDKHLILRESAMCADEDEPAFQDITKHRFFNTNNLWIRLDKLKEIVDKFGGFIPLPMIKNSKTVDPKDDSSQKVVQLETAMGAAIECFDGASAIVVPRTRFAPVKKCNDLLLLRSDAYIITEDFRPVLNPACGGVAPIIDLDSKKYKLVGALEEATANGAPSLVDCKRLKIKGKVRLGRSTRFVGSVSITNTSDEAKYVCGKIEDKDIDISDTLGLGALKPIIVPSAPIDGQKPGTSGLRKKTKVFTSENYLNNFVQSVFDAVIAGGTNVSDGTLVVGGDGRYFNDEAIQVIIKMGVANGVKRFWIGENGLLSTPAVSATIRERGPVWQKAFGAFILTASHNPGGPDEDFGIKYNTQNGGPAPEYLMEATYANTRSIRSYKICNDFPDIDITKVGETSITAEDGSTSVVVEVIPSTQSHVNLLKTIFDFDAIKALLDRPDFTMVYDSMHGVNGPFAKSVFVDELGQDESILTNHIPKEDFNGGHADPNLTYAKDLVKTMGLDRTGNKIDVDGPIPSFGAAADGDGDRNMILGTQFFVTPSDSLAVIVANADCIPFFKSQGGLKAVARSMPTSGAVDLVAKELNLDFFETPTGWKFFGNLMDSKAIFEGKDYTPFICGEESFGTGSDHVREKDGIWAVLAWLNILAANNPDPSKPLVTVEDIVKKHWQTYGRNYYCRWDFDVPDAAAANAMMDKMRANTESNTGRVVGSYTIATADDFRYVDPVDGSVAAKQGIRFLMSDGSRVIFRLSGTAGSGATIRMYIEQYATEKLDMPVAEALKELTRIALDLCDIKTFCGTETPTVIT
Thalassiosira_weissflogii_0201831054	MKIAQRLLLTGVLAVCAASAFVFDGGNARATTPSTCVSNWNSHKISTLAFGVGENLSGRVDLRLAYDTEERETRSYGNDRRDGRGGRGGRGRDAGRGRGGRGRGSGRGGGRGGRGRGDYNGPILELQNPMRLQRVQQQQRSSDDDGGRGGGRGGGRGRGRGRGDGGSRAESSSRPVRIGGRDSSGGGAADYGKGPARIPGAKKMKPGQXTSSSRPVRIGGRDSSGGGAADYGXVRYLTLVTLLCSRTLVSSTKLFQRLDEYDLYSAYAINPFFNFDLVFAVRFPLLDYEILMHNYQAGTANPGKGPARIPGAKKMKPGQGRGRGRNDDGEGRGRGRVSLRVGTGKKGRQTEVRQRRGSLRRRDRSKEKQEKEERALERRTVVLPGTPMSVGDIADAIGETPVSVIKFLMTDLGVMAAVSQTLDPATCIAVAEGFGKVVADEDDEFDDEDDDYDDDSALELGVALDEDDPSTLVPRPPVVTIMGHVDHGKTSLLDAIRNTRVTAGEAGGITQHIAAYQVEHEGSPITFIDTPGHAAFTDMRERGASTADMIILVVAADDSVKQQTADSIACARQAGVPLIVAVNKIDLPTADPNRVLADLAGYEVLTEDLGGEVLCSQISAKEGTNLNDLLSKVMLQAEVLDLKANPHRDAQGVVIEARVEKGLGTVATTLIQKGTIKVGDSFVAGEASGKVRALIGHDGKTRYKEAGPSTPISIVGISGVPAAGDLLVVADDEQTARDLAAARARIARERQSSSYQSGLMQSVVGLFSGGQKERREICVVVKADVQGSAEALARALTDLKLENEEAEVIIKVLVSEAGDVTKSDIAVASVTPGTTVLAFNTGANAAAMDEARALGIPIEYYSVVYDAIESVESRMQEVLSPTPEGEYVGSAIVKEVFSIGGTGNIAGSKCRDGIIKKGSNVRVMRGDKILVETKVRTLRNFKAEVDTINSGDECGIGLVDYEDFEVGDVIESYVVKK
Thalassiosira_weissflogii_0203139544	MSLATNSNESYCTFTLASDVTAGGLPSEEEIAKQLESNDPKIKRHALKAAIMAMLGGEALPRILMQVIRFCINSDDKPLKKLCMLYWEVVPKYQEPSSDEVLRAASGGQPVQRKLLPEMILVCNALMNDLNHPNEYVRGSMLRFLCKVKDEEILGPLIPSIKACLSHRHQYVRKNAVLAVFHAHRLHGETLIPDGPELVDLFINAETDIGARRNAFLMLYHESEDLAIQFLARNLDDVSKFGDGFALLVLDLTRKACRRDPNQKSRFVRVLFQMLSSNSAAVSYEAAWTLISLSNSPTAVRAAAVTYTNLLNSQNDNNVMMIVLERLEQLKKKHSKILQELLMDILRALSSPNPDICKKVLDVAMALVTNKNVADVVTTLKREVAKTTQESSDSSEDKGKVYRNMLIQAIHGCAVRFPDVAESVVHTLMDFLSSDGGMQVIIFVRAIVERYPALRPAILTKLINTLDEVTNNNVMCVCLWILGEYCETSETVKDAFDSVTEQLGEAPYVVQADDKKAQEKAAAEAAKGPKMVTKNVVLADGTYATQTIYSEAKTPAVTDKTPHLRKMIIAGDIFLGAIISSSLTKMCLRAPDVNLDPVSVKEMTVKSLLAMCGIVKMAEVTVSAQKSSLADCSERVTLCCRALLDPKASALLKKTLLSEGKSSFAAFLKHIQEKENKEKESREDVITSQADDLIHFRQLRSLTAQGGDLDLDDGSDLARATGYADGGSLLSNELSHVYQLSGFADPVYAEAFVTVHDYDILLEILIINRTPNTLANLTVELSTMGDMKIVERPQSHTIGPLDQMTIRASIKVSSTETGHIFGTIVYEDASTHEKGYINLNDIHMDIMDYIRPATCTDEVFRSMWAEFEWENKVAISTSIGDLVEFLDHIVTSTNMSCLTPHDRNEKGSFLAANLYAKSVFGEDALVNVSVEKKEDNDGKLAGYIRIRSKTQGIALSLGDRITSVQRGTQPNKKQ
Thalassiosira_weissflogii_0201829390	MVKFSFLALAGAIATATAAKHNTSIKLGKRQLRRGDASTEALLKKARPYKKANAGRKLEGQQDAVELDGSYSVKFSQCVDEKANAGRKLEGQQDAVELDGSYSVKFSQCVDVRTKSEDLFSDELIAYAQSGSVVSSKSFVLFHVCQGDNCYYESDDDLYIVDLGTYLANVATYHADKRQNFCEACERFQDTCVVEEEEVEEEEAVEGEEAAEEDGAEGEAEEGEDEPEEEGEEEREGEEAEGQEEDEPDRKLKTASRRAANYIDCDQCFAYDCYADDEADGDVDDGAQQQQNMDELERQVSEWIANLGECQESGSQDANGNSLYIGVMCDSYGDGVELAVFLDEEXLNVHQHDDLYIVDLGTYLANVATYHADKRQNFCEACEQFQDTCVVEEEEVAEDDAAEEEEAAEEDGAEGEAEEGEDEPEEEGEGEEAEGQQAEGEEDEPDRKLKTASRRTANYIDCDQCLANNCYADDEADGDLDDGAQQQQNMDXAGEASGNSLYIGVMCDSYGDGVELAVFLDEECSMYTSQHTFNSVYNPNYDDNEINYVTYAENYIKIAFEETMSCLEVEYDDPNEEQDENAAEEEEERYEMNEYCEGLLNDEAMDFNNCEAENGNEQEEEAQDDQYSWYTFDIEDADDIGEVCQVVYQMQGEYYHAYDESSSGTWYSRNSNGQIITVSAQNNQGNKSPGLSGGAIAGIVVLIVGVIGVAGFVLTKKNKAATTSAEYQGGQLS
Thalassiosira_weissflogii_0203107868	MGWVKQVDLYDNSRNAIVQASSPELGNRPQTIRVEIPVGASQLIQKLKEYNIDFDAHPAEQKNLFVTVASNLLLPLVFIAXXXXXXXXXXXXXXXXXLPLVFIAGLVYFFQNSESFGGGSGQSPLSLGKSTARFERRPDTGVNFNDIAGIDEAKAEFEEIVSFLKEPEKYTVVGAKIPKGILLVGPPGTGKTLLAKAIANEADVPFFSVAGSEFVEMFIGIGAARVRDLFQKASENAPCIVFIDEIDAVGRERGAGVGGGNDEREQTLNQLLTEMDGFKENKGVIVVGATNRVDILDAALLRPGRFDRQVTVNLPDRLGRISILKVHAKNKPLGEDVSLVQLANRTPGFSGADLANLLNEAAILATRYKKTTISKNEVNQAIDRIIGGIAGTPMEDSKNKKLIAYHEVGHAITGTVLQSHDEVEKITITPRGAAKGLTWFTPEEDQTLISRSALLARIIGTLGGRAAEQVIFGDPEVTTGASSDLQQVTNLARQMVTRFGMSNIGPIALEDESNGQVFLGGMTQDSEYPESIADRIDDEVCKIINYCEQKALQIILDNRVIIDLVIEKLLDVETMEGDEFRELLSTYTVLPNKKA
Thalassiosira_weissflogii_0203323600	MGWVKQVDLYDNSRNAIVQASSPELGNRPQTIRVEIPVGASQLIQKLKEYNIDFDAHPAEQKNLFVTVASNLLLPLVFIAGLVYFFQNSESFGGGSGQSPLSLGKSTARFERRPDTGVNFNDIAGIDEAKAEFEEIVSFLKEPEKYTVVGAKIPKGILLVGPPGTGKTLLAKAIANEADVPFFSVAGSEFVEMFIGIGAARVRDLFQKASENAPCIVFIDEIDAVGRERGAGVGGGNDEREQTLNQLLTEMDGFKENKGVIVVGATNRVDILDAALLRPGRFDRQVTVNLPXXXXXXXXXXXXXRQVTVNLPDRLGRISILKVHAKNKPLGEDVSLVQLANRTPGFSGADLANLLNEAAILATRYKKTTISKNEVNQAIDRIIGGIAGTPMEDSKNKKLIAYHEVGHAITGTVLQSHDEVEKITITPRGAAKGLTWFTPEEDQTLISRSALLARIIGTLGGRAAEQVIFGDPEVTTGASSDLQQVTNLARQMVTRFGMSNIGPIALEDESNGQVFLGGMTQDSEYPESIADRIDDEVCKIINYCEQKALQIILDNRVIIDLVIEKLLDVETMEGDEFX
Thalassiosira_weissflogii_0203172154	EKMTEAKVTKRESHDDAHDVKLTPFLAFKYIASICLLCFSIIIVVALIFTGNTRVSNETNPWVCLIVMILAVVWLSMIEGQQASLVGLPPVDPDLYKDTHPITYKNAALAFKGDNLDRYLMGRQFMVLXXXXXXXXXXXXXXXWXRQFMVLLVVFVINQCGNPLDPSVDVLGLPDGVKLVFLDIGLGMIIFTCILGQLTTQVNASHCMIDFINNYFALFTLYTAMAVEFSGVMHSSYLIQNVLSMVSGKPIQSNEEPKSGFTFFFFWARVLMSLAILGFCLAVTLSALFNGQTQMAVKYPNVPNGVSVFLFFFFMAIVGMLEGMQIAFFAVAKLPAEERGKSFFGKKTCDLLFKGKGENLPGFMIGRQLTVVFSFFLVASITGLNITPGEGENILGVSDGAQAFLNYGFQGAVITTILASITWQLAASAFPMAFLNNPVTYILLCIALFLEFTGLCAGAWVLARVEKKVQRFQYDEVYVGTPEERIANGRADKDFGDDVGHLTGGGFVGHACGSHDALDGPIKSKDALETTEAENKA
Thalassiosira_weissflogii_0203289384	MMTKPRRHLPITSLLAAIAAITDTQAFISPSRTLVPPSYNHRSTLKQQEQPQLPDSSSENNNINNENPQKEKNYDKVIEVQAEILTPEEEAKVGNLVANEEWAGLSXMILQPLLQLLATGVFTTDAFTSPSHNFRISPSTPSNKFLHQSLLQSTPEPLAERGEELTPEEEAKIGNLVANEEWAGLSMELAEVVRTAVIEDLKKNSREFLNKDEYAIGDFSKEIDRRVKDEVAKMREKDEYELGDFSVVLETAVIEDLKKNSREFLNKDEYAIGDFSKEIDRRVKDEVAKMREKDEYELGDFSVVLDDTVKQMVCEMTGNEEYQFGDLSNEIDQRVKSSVAQFCGKDEYQVGDLSVELAKRTKAGVLKYTGKDDYQFGDVTKQAIKNXYVKDEVAKMREKDEYELGDFSVVLDDRIKEMVCEMTGKEEYEFGDLSVEIDKRVKSEVAKFCGKDDYEFGDLSVELAKRTKAGVLKYTGKDDYQFGDVTKQAIKNFTGKEDYQFGDVTKKLMGNLFSGKNGKN
Thalassiosira_weissflogii_0203135488	XEGESMSGDDSLRGNPSDSAHGQPSVQKLIQLVLLLPGLILGIQHPNAIISRSSLPLHSRLNRRIGDDDVPETDPKKQLVHGPLQKSVVRIDRLGHGLETVGLAGDSDEVGDDVPEDGELGGASVANFGFAEEGDEGGVGLGEAEGVEFEFAAFEVDAAGVGVPDGGGEGGGGFGGGGRGKGGGGAGEGEDGGDGFHGGLDVDLGGFGXMIGCCSXSVIKEQKDRDSYSVFEWEDSRAALANSCFLAPRIKXVTINFFNSXPLTMMKIAALSLLAGSASAFAPAPLTRSSTALNAEKSQALPFMNRPPLLDGSMAGDVGFDPLGLSNIDDVGIDLYWMREAEIKHCRLAMMAVVGILQVEAFGPAPGCEAATAKCQMDAFWQIWNSHPQYIAAGLIMIMLIEAFSGIATTTGRESGEREPGDFGLDPLGFLKGDAAKVEKLKAQEIANGRLAMWAASGLLVQGCTNHLGGFEAMGKALSDNAF
Thalassiosira_weissflogii_0203181712	MKLVTAASFIGVLSCTREAVAFSSSTRPAFASLSRLSMSENDYNESYQVNRRDALVRTLSAAAVLSNVGAACAAEFSGSSPGDSDKEPSVAVEKEPEDSSPVAPSKTAFTATAGGQTSPLKPSSTGSAATQTFTYTGIDPEGVAFAGATVLGAVYAVGVYRDETGGTVAENGPSTPPPPAIPYGLDAGRNYYKGVELQKPPSPPKPPAPKTVSEPVDEEPEEEKELPPWALKLPTPYGIANKGKNPFIKPVEEYCEKGKVDENCTDSIKSFVDNAESTGTKVTTEEAETIVQYLESLSEDASDAVSNFATEGKSTTKAGFANYLDGLKSESSTRPGTTSANVVMSYLDTLNGAASLQFSTPPPSHTPVPLEQPVQVDQPEAVVETVEMDEPEQATEDVAFVTESHAETEATVLPSGATMTVSVDTKVESSGTGTKSFADSMSSSTATAGPPSGKGIGNYLDSMNTGNVVGGDFFSRRR
Thalassiosira_weissflogii_0203228564	MVKFPFIGFVGSFAVASFDKHHTSIKLGKRQLRRGDTSTEALFMKARPFKNAHTGRKLEGQEDAAELDGSYSVKFSQCVDVRTKNEDLFSDELIAYAQSGSVVSSKSFVLFHVCQGDNCYYESDDDLYIVDLGTYLANVATYHADKRQNFCEACERFQDTCVVEEEEVEEEEAVEGEEAAEEDGAEGEAEEGEDEPEEEGEEEREGEEAEGQEEDEPDRKLKTASRRAANYIDCDQCFAYDCYADDEADGDVDDGAQQQQNMEELERQVSEWIANLGECQESGTQDANGNNLYIGVMCDSYGDGVELAVFLDEECSMYTSQHTFNSVYNPNYDDNEIADKRQNFCEACEQFQDTCVVEEEEVAEDDAAEEEEAAEEDGAEGEAEEGEDEPEEEGEGEEAEGQQAEGEEDEPDRKLKTASRRTANYIDCDQCLANNCYADDEADGDLDDGAQQQQNMDELERQVSEWIANLGECQ
Thalassiosira_weissflogii_0201769400	MTKPRRHLPITSLLAAIAAITDTQAFISPSRTLVPPSYNHRSTLKQQEQPQLPDSSSENNNINNENPQKEKNYDKVIEVQAEILTPEEEAKVGNLVANEEWAGLSIYLFTXIMTKIMILQPLLQLLATGVFTTDAFTSPSHNFRISPSTPSNKFLHQSLLQSTPEPLAERGEELTPEEEAKIGNLVANEEWAGLSMELAEIVRTAVIEDLKKNSREFLNKDDYAIGDFSKEIDRRVKDEVAKMREKDEYEIEDLKKNSREFLNKDDYAIGDFSKEIDRRVKDEVAKMREKDEYELGDFSVVLDDTVKQMVCEMTGNEEYQFGDLSNEIDQRVKSSVAQFCGKDEYQVGDLSVELAKRTKAGVLKYTGKDDYQFGDVTKQAIKNFTGKEDYQFGDVTKKLMGNLFSGKNGKN
Thalassiosira_weissflogii_0201862216	MKIPLFVLGLLNAADAFVAPQKCPSANTHLFMSDRYGVGVNDRARLNIDSGVGSGGAISRRRGDVLDLTEIWEDSSPVIVQGGSLRTWSFANPAIDSVQVLLKKKDGLFALAALNGAAAFVAPKGPVASTQLAMSDYRTSVRDDIGVGSGGSPLYKTGGTARDLAEIWDNSSPVIVQGGSLRTWSFANPAIESVQVLLKTEGRPLDADVELWQGPDNTPHKMRVYVEDGALRTFNAVIGTPRGPNTVAIRNIGQLEFPLDAVVRPDRDDGLAAGIASVATRSETIQGGALRTYPFNPTVDSVAIILKTDGRPLNARIELLQGPNNNKQVVELYTEDGLDRPFFAIVETPGSGNVVRVVNTAPVEFPLYASVDAYRVGGGGDWADDGLMIGRAF
Thalassiosira_weissflogii_0203538228	MTGKVALITGITGQDGSYLTEFLLSKGYTVHGIIRRSSSFNTGRIDHIYRDRHETGVKLFLHYGDLCDATNLITIIANVKPDEIYNLGAMSHVKVSFDMPEYTADCDGVGVLRMLDAIRACGLEKTTRFYQASTSELYGKVQEVPQSETTPFYPRSPYAVAKQYAFWILVNYREAYGMHLTNGILFNHESPRRGATFVTRKITMAVARIHEGLDKCLYLGNIDAKRDWGHARDYVEGMWMMLQYDTPDDYVLATGKTTTVREFVEKSFAHVGTTIKWVGETGTVDEVGVDAADESRVLVRIDPRYFRPTEVDLLLGDPSKAKKVLGWEATTDLDGLVKDMMDSDLAMVRGEKKDFDCWEATTDLDGLVKDMMDSDLAMVRGEKKDFDCSRS
Thalassiosira_weissflogii_0203135454	MTKPRRHLPITSLLAAIAAITDTQAFISPSRTLVPPSCNHRSTLRQQEQPQLPDSSSENNNINNENPQKEKNYDKVIEVQAEILTPEEEAKVGNLVANEEWAGLSMELAEVVRTAVIEDFKKNSREFLNKDDYAIGDFSKEIDRRVKDEVAKMREKDEYELGDFSVVLDDRIKEMVCEMTGKEEYEFGDLSVEIDKRVKSEVAKFCGKDEYEFGDLSVELAKRTKAGVLKYTGKDDYQFGDVTKQAIKDFSKEIDRRVKDEVAKMREKDEYELGDFSVVLDDTVKQMVCEMTGNEEYQFGDLSNEIDQRVKSSVAQFCGKDEYQVGDLSVELAKRTKAGVLKYTGKDDYQFGDVTKQAIKNFTGKEDYQFGDVTKKLMGNLFSGKNGKN
Thalassiosira_weissflogii_0203510706	MAARPLVSVFSLTGEKAGDTTLPEVMTAPLRPDIVQFVHTNMNKNHRQAYAVNIHAGKQVSASSWGTGRAVARIPRVGGGGTSRSGQGAFGNMCRGGRMFAPTKTWRKWHRKINVTQKRYAVASALAATAVPALVMARGHKIDEVPEIPLVIDNSIESAKKTSAAKDILSAVGALADVEKAADSKKIRAGKGKARNRRYTLRRGPLIIYKSNDGVEQAFRNLPGVELCCVDRLNLLQLAPGGHMGRFCVWSQAALDALNEIYGKEGKSIPEDIMTNADLARIINSDEIQSVLNPAKRANKKYLRKKNPLTSIKALAKLDPYAAAARESERRAGEARQDQKAALLAKKRDIAKSKKQYKAQGKAFFEKVSVQGDVCANGFTIA
Thalassiosira_weissflogii_0171384504	MTKPRRHLPITSLLAAIAAINDTQAFISPSQNLVPPSCNHRSTLRQQEQPQLPDSSSENNNINNENPQKEKNYDKVIEVQAEILTPEEEAKVGNLVANEEWAGLSINKFLHQSLLQSTPEPLAERGEELTPSFNLFSNSSPQAYLQPTPSPAPLTTSASPPPPPPTNSSTNHSFKAXPEPLAERGEELTPEEEAKIGNLVANEEWAGLSMELAEVVRTAVIEDLKKNSREFLNKDEYAIGDFSKEIDRRVKDEVAKMREKDEYELGDFSVVLDDRIKEMVCEMTGKEEYEFGDLSVEIDKRVKSEVAKFCGKDDYEFGDLSVELAKRTKAGVLKYTGKDDYQFGDVTKQAIKNFTGKEDYQFGDVTKKLMGNLFSGKKGKN
Thalassiosira_weissflogii_0203566088	MMTKPRRHLPITSLLAAIAAINDTQAFISPSQNLVPPSCNHRSTLRQQEQPQLPDSSSENNNINNENPQKEKNYDKVIEVQAEILTPEEEAKVGNLVANEEWAGLSMELAEVVRTAVIEDFKKFIRIVIFLQPLLQLLATGVFTTDAFTSPSHNFRISPSTPSNKFLHQSLLQSTPEPLAERGEELTPEEEAKIGNLVANEEWAGLSMELAEVVRTAVIEDLKKNSREFLNKDEYAIGDFSKEIDRRVKDEVAKMREKDEYELGDFSVVLDDTVKQMVCEMTGNEEYQFGDLSNEIDQRVKSSVAQFCGKDEYQVGDLSVELAKRTKAGVLKYTGKDDYQFGDVTKQAIKNFTGKEEYQFGDVTKKLMGNLX
Thalassiosira_weissflogii_0203350886	MMTKPRRHLPITSLLAAIAAITDTQAFISPSQNLVPPSCNHRSTLRQQEQPQLPDSSSENNNINNENPQKEKNYDKVIEVQAEILTPEEEAKVGNLVANEEWAGLSMELAEVVRTAVIEDLNNSSPQAYLQPTPSPAPLTTSASPPPPPPTNSSTNHSFKAXPEPLAERGEELTPEEEAKIGNLVANEEWAGLSMELAEIVRTAVIEDLKKNSREFLNKDEYAIGDFSKEIDRRVKDEVAKMREKDEYELGDFSVVLDDTVKQMVCEMTGNEEYQFGDLSNEIDQRVKSSVAQFCGKDEYQVGDLSVELAKRTKAGVLKYTGKDDYQFGDVTKQAIKNFTGKEDYQFGDVTKKLMGNLFSGKNGKN
Thalassiosira_weissflogii_0203289014	MTGKVALITGITGQDGSYLTEFLLSKGYTVHGIIRRSSSFNTGRIDHIYRDRHETGVKLFLHYGDLCDATNLITIIANVKPDEIYNLGAMSHVKVSFDMPEYTADCDGVGVLRMLDAIRACGLEKTTRFYQASTSELYGKVQEVPQSETTPFYPRSPYAVAKQYAFWILVNYREAYGMHLTNGILFNHESPRRGATFVTRKITMAVARIHEGLDKCLYLGNIDAKRDWGHARDYVEGMWMMLQYDTPDDYVLATGKTTTVREFVEKSFAHVGTTIKWVGETGTVDEVGVDAADESRVLVRIDPRYFRPTEVDLLLGDPSKAKKVLGWEATTDLDGLVKDMMDSDLAMVRGEKKDFDWVGRPQRIW
Thalassiosira_weissflogii_0171415618	MKIPLFVLGLLNAADAFVAPQKCPSANTHLFMSDRYGVGVNDRARLNIDSGVGSGGAISRRRGDVLDLTEIWEDSSPVIVQGGSLRTWSFANPAIDSVQVLLKTEGRPLEQPPISELAAAEXPLYKTGGTARDLAEIWDNSSPVIVQGGSLRTWSFANPAIESVQVLLKTEGRPLDADVELWQGPDNTPHKMRVYVEDGALRTFNAVIGTPRGPNTVAIRNIGQLEFPLDAVVRPDRDDGLAAGIASVATRSETIQGGALRTYPFNPTVDSVAIILKTDGRPLNARIELLQGPNNNKQVVELYTEDGLDRPFFAIVETPGSGNVVRVVNTAPVEFPLYASVDAYRVGGGGDWADDGLMIGRAF
Thalassiosira_weissflogii_0203198708	MTKPRRHLPITSLLAAIAAITDTQAFISPSRTLVPPSYNHRSTLKQQEQPQLPDSSSENNNINNENPQKEKNYDKVIEVQAEILTPEEEAKVGNLVANEEWAGLSMELAEVVRTAVIEDLKKNSREFLNKDEYAIGDFSKEIDRRVKDEVAKMREKDEYELGDFSVVLDDTVKQMVCEMTGNEEYQFGDLSNEIDQRVKSSVAQFCGKDEYQVGDLSVELAKRTKAGVLKYTGKDDYQFGDVTKQAIKNFTGKEEYQFGEEGKDEVAKFCGKDDYEFGDLSVELAKRTKAGVLKYTGKDDYRFGDVTKQAIKNFTGKEDYQFGDVTKKLMGNLFSGKNGKN
Thalassiosira_weissflogii_0203628344	MKNNDCVLTRLLVYTTSHSSEEEKRLSTQKTNSSTWFMSNWVQQFIGGVNDRKIGVVSERNDLLVDHKSEDSHHGGTAVVELDGTLLELGLLVEVIPAEVNVSGGTTARFHSTFEGINVIIQSETISNMMKLAALAALMGSAAAFAPAQTGKASTQLRAFEDELGAQPPLGFFDPFGMLSGDCTQERFDRLRYVEIKHGRICMLAFLGQVVTRAGIHLPGSINYAGDSFDSFPNGVAALFGPNSIPTAGLVQIIAFIGVLECAFMRDVPGTGNEFVGDFRNGYIDFGWDDFDEETKLQKRAIELNNGRAAMMGILGLMVHEEIIPLGYDPDLPIIGHLQ
Thalassiosira_weissflogii_0203627578	MTKPRRHLPITSLLAAIAAITDTQAFISPSRTLVPPSYNHRSTLKQQEQPQLPDSSSENNNINNENPQKEKNYDKVIEVQAEILTPEEEAKVGNLVANEEWAGLSMELAEVVRTAVIEDLKKNSREFLNKDEYAIGDFSKEIDRRVKDEVAKMREKDEYELGDFSVVLDDTVKQMXVYAIGDFSKEIDRRVKDEVAKMREKDEYELGDFSVVLDDRIKEMVCEMTGKEEYEFGDLSVEIDKRVKSEVAKFCGKDEYEFGDLSVELAKRTKAGVLKYTGKDDYQFGDVTKQAIKNFTGKEDYQFGDVTKKLMGNLX
Thalassiosira_weissflogii_0203474076	MMTKPRRHLPITSLLAAIAAITDTQAFISPSQNLVPPSCNHRSTLRQQEQPQLPDSSSENNNINNENPQKEKNYDKVIEVQAEILTPEEEAKVGNLVANEEWAGLSMELAEVVRTAVIEDLKKNSREFLNKDEYAIGDFSKEIDRRVKDEVAKMREKDEYELGDFSVVLDSXKEIDRRVKDEVAKMREKDEYELGDFSVVLDDTVKQMVCEMTGNEEYQFGDLSNEIDQRVKSSVAQFCGKDEYQVGDLSVELAKRTKAGVLKYTGKDDYQFGDVTKQAIKNFTGKEEYQFGDVTKKLMGNLFSGKNGKN
Thalassiosira_weissflogii_0201804180	MVALRSAALSLLGVTASFLLTPAHSQTTLSLHGSGTTNPSKCFWHIMAKIEEQLKIRGRLTYRAVGSGAGIQEFLGKDINGTNTLQAYNDFGSGDIPIDSQDRQDWFDAGIEFVQLPFVLSAVGFFHSIPGVPSGEGGLNMTACLLARVFSTDITTWDHPDILDINPGLNVEKNYKIFVGRRVLGSSSTYSITNYLYAQCPQTDDNPKGWPADQVGSTVDWDESTNACDGSGPMTDCIVENEGAIGYIDVAHAHEEGLNEIKLRNGDGNFLTSKEAGVEGIQEAAKDLSDAPDSADGDFSNVAFYNKPX
Thalassiosira_weissflogii_0201829604	RHLPITSLLAAIAAINDTQAFISPSQNLVPPSYNHRSTLKQQEQPQLPDSSSENNNINNENPQKEKNYDKVIEVQAEILTPEEEAKVGNLVANEEWAGLSMELAEIVRTAVIEDLKKNSREFLNKDEYAIGDFSKEIDRRVKDEVAKMREKDEYELGDXFGGVGAIGDFSKEIDRRVKDEVAKMREKDEYELGDFSVVLDDRIKEMVCEMTGKEEYEFGDLSVEIDKRVKSEVAKFCGKDEYEFGDLSVELAKRTKAGVLKYTGKDDYQFGDVTKQAIKNFTGKEDYQFGDVTKKLMGNLFSGKNGKN
Thalassiosira_weissflogii_0203104274	MTKPRRHLPITSLLAAIAAITDTQAFISPSRTLVPPSYNHRSTLKQQEQPQLPDSSSENNNINNENPQKEKNYDKVIEVQAEILTPEEEAKVGNLVANEEWAGLSMELAEVVRTAVIEDLKKIGNLVANEEWAGLSMELAEVVRTAVIEDLKKNSREFLNKDEYAIGDFSKEIDRRVKDEVAKMREKDEYELGDFSVVLDDTVKQMVCEMTGNEEYQFGDLSNEIDQRVKSSVAQFCGKDEYQVGDLSVELAKRTKAGVLKYTGKDDYQFGDVTKQAIKNFTGKEEYQFGDVTKKLMGNLFSGKNGKN
Thalassiosira_weissflogii_0203505400	MTKPRRHLPITSLLAAIAAITDTQAFISPSQNLVPPSYNHRSTLKQQEQPQLPDSSSENNNINNENPQKEKNYDKVIEVQAEILTPEEEAKVGNLVANEEWAGLSMELAEVVRTAVIEDFXEIGNLVANEEWAGLSMELAEVVRTAVIEDLKKNSREFLNKDDYAIGDFSKEIDRRVKDEVAKMREKDEYELGDFSVVLDDRIKEMVCEMTGKEEYEFGDLSVEIDKRVKSEVAKFCGKDDYEFGDLSVELAKRTKAGVLKYTGKDDYQFGDVTKQAIKNFTGKEEYQFGDVTKKLMGNLFSGKNGKN
Thalassiosira_weissflogii_0203102818	MGDRGTGKSTTIRAIADLLPEIEVVKDDPFNSHKSDLDLMGNEVKNAIQNGKTLETELIKIPMVDLPLGATEDRVCGTIDIEKALTEGIKAFEPGLLAKANRGLLYVDEVNLLDDHLVDILLDSAASGWNTVEREGISIRHPARFVLVGSGNPEEGELRPQLLDRFGMHAEIRTVKDPILRVKVVEERTSFDQTPMVWMENYEAQQQELRNRIVSAQKLLPSVQIDYDLRVKISEVCSRLDVDGLRGDIVTNRAAKAHAAYNERDKVTVEDIEKIITLCLRHRLRKDPLESIDSGDKVSKIFK
Thalassiosira_weissflogii_0203230250	MTKPRRHLPITSLLAAIAAITDTQAFISPSRTLVPPSYNHRSTLKQQEQPQLPDSSSENNNINNENPQKEKNYDKVIEVQAEILTPEEEAKVGNLVANEEWAGLSPLAERGEELTPEEEAKIGNLVANEEWAGLSMELAEVVRTAVIEDFKKNSREFLNKDEYAIGDFSKEIDRRVKDEVAKMREKDEYELGDFSVVLDDRIKEMVCEMTGKEEYEFGDLSVEIDKRVKSEVAKFCGKDDYEFGDLSVELAKRTKAGVLKYTGKDDYQFGDVTKQAIKNFTGKEEYQFGDVTKKLX
Thalassiosira_weissflogii_0171353630	MTKPRRHLPITSLLAAIAAINDTQAFISPSQNLVPPSYNHRSTLKQQEQPQLPDSSSENNNINNENPQKEKNYDKVIEVQAEILTPEEEAKVGNLVANEEWAGLSMELAEIVRTAVIEDLKKNSREFLNKDEYAIGDFSKEIDRRVKDEVAKMREKDEYELGDFSVVLDDRIKEMVCEMTGKEEYEFGDLSVEIDKRVKSEVAKFCGKDEYEFGDLSVELAKRTKAGVLKYTGKDDYRFGDVTKQAIKNFTGKEDYQFGDVTKKLMGNLFSGKKGKNDKKLMGNLFX
Thalassiosira_weissflogii_0201837250	XLPITSLLAAIAAITDTQAFISPSRTLVPPSCNHRSTLRQQEQPQLPDSSSENNNINNENPQKEKNYDKVIEVQAEILTPEEEAKVGNLVANEEWAGLSMELAEVVRTAVIEDLKKNSREFLNKDDYAIGDFSKEIDRRVKDEVAKMREKDEYELGDFSVVLDDRIKEMVCEMTGKEEYEFGDLSVEIDKRVKSEVAKFCGKDDYEFGDLSVELAKRTKAGVLKYTGKDDYQFGDVTKQAIKNFTGKEEYQFGDVTKKLMGNLFSGKKGKNDKKKQX
Thalassiosira_weissflogii_0203297084	XMAAANIGVGSGGSPLYKTGGTARDLAEIWDNSSPVIVQGGSLRTWSFANPAIESVQVLLKTEGRPLDADVELWQGPDNTPHKMRVYVEDGALRTFNAVIGTPRGPNTVAIRNIGQLEFPLDAVVRPDRDDGLAAGIASVATRSETIQGGALRTYPFDATVDSVAIILKTDGRPLNARIELLQGPNNNKQVVELYTEDGLDRPFFAIIETPGSGNVIRVVNTAPVEFPLYASVDAYRVGGGIDWPDDGLMIGRAF
Thalassiosira_weissflogii_0203356870	MMKFAVASLLAGSAAAFAPAQQCAVKTSLDAMPERMWNKMVDKNERSKAMPFLPRPINLDGSYVGDVGFDPFYLSSIDKNFAGFIQPPSWEETEGLPTLYWMREAELKHGRVAMLAWFGWLATDGAFGPVPLRFPGAVYQEVPSSFVAHDIMVSQGSLVVMLSLVGLIEFCTGAVLVEVSKGESDREAGDFKFDPLNFLKGKSKEQIDTMKLKELQNGRTAMLAFAGVVTQAGLGGTEFPYLVPYPNVADVTW
Thalassiosira_weissflogii_0203149732	XNIGVGSGGSPLYKTGGTARDLAEIWDNSSPVIVQGGSLRTWSFANPAIESVQVLLKTEGRPLDADVELWQGPDNTPHKMRVYVEDGALRTFNAVIGTPRGPNTVAIRNIGQLEFPLDAVVRPDRDDGLAAGIASVATRSETIQGGALRTYPFNPTVDSVAIILKTDGRPLNARIELLQGPNNNKQVVELYTEDGLDRPFFAIVETPGSGNVVRVVNTAPVEFPLYASVDAYRVGGGGDWADDGLMIGRAF
Thalassiosira_weissflogii_0203279580	MDRDSLVYKAKLAEQAERFDEMVSDMKEVARQPQELTVEERNLLSVAYKNVIGSRRASWRVVTSIEQKGDADKMSIIKDYKVKIENELCDICNDILSIIEESLIPNSTSEEAKVFYYKMKGDYHRYLSEFQQGDTRKASASAALDAYQSATEVASSDLPPTHPIRLGLALNFSVFYYEILNSPDRACHIAKQAFDDAIAELDTLSEESYKDSTLIMQLLRDNLTLWTSDQAADADGGDGPEAPSEEKN
Thalassiosira_weissflogii_0203608338	XDLPEEPLSFQPLTMMKIAALSLLAGSASAFAPAPLTRSSTALNAEKSQALPFMNRPPLLDGSMAGDVGFDPLGLSNIDDVGIDLYWMREAEIKHCRLAMMAVVGILQVEAFGPAPGCEAATAKCQMDAFWQIWNSHPQYIAAGLIMIMLIEAFSGIATTTGRESGEREPGDFGLDPLGFLKGDAAKVEKLKAQEIANGRLAMWAASGLLVQGCTNHLGGFEAMGKALSDNAF
Thalassiosira_weissflogii_0203258860	XRFEASFEHINVIIQSETISNMMKLAALAALMGSAAAFAPAQTGKASTQLRAFEDELGAQPPLGFFDPFGMLSGDCTQERFDRLRYVEIKHGRICMLAFLGQVVTRAGIHLPGSINYAGDSFDSFPNGVAALFGPNSIPTAGLVQIIAFIGVLECAFMRDVPGTGNEFVGDFRNGYIDFGWDDFDEETKLQKRAIELNNGRAAMMGILGLMVHEEIIPLGYDPDLPIIGHLQ
Thalassiosira_weissflogii_0203417438	KLSITTSSQSEPNSTQSISKMMKLAVLAAAAGSAAAFAPAQQGRLSTAVNGYENELGVIAPTGFFDPLNLSKNISQEKFDEYRTAELKHGRVCMLAVLGYIAPETYHFGYDIAPGVSTYDIPNGVAAIDYIPALGWAQIIFFIGAVDYWGVLGDFDFGKPDLGDKEEERKLQELQHGRLAMLAFLELLRHDSQNFVSPGFDGYDNMITGLPFIYGN
Thalassiosira_weissflogii_0203546162	XKMKLAILAALFGSAAAFAPSQTGKASTQLRAFEDELGAQPPLGFFDPFGMLSGDCTQERFDRLRYVEIKHGRICMLAFLGQVVTRAGIHLPGSINYAGDSFDSFPNGVAALFGPNSIPTAGLVQIIAFIGVLECAFMRDVPGTGNEFVGDFRNGYIDFGWDDFDEETKLQKRAIELNNGRAAMMGILGLMVHEEIIPLGYDPDLPIIGHLQ
Thalassiosira_weissflogii_0203549518	MAKFTSALLAALAGTAAAFAPVSTPAKSTQLNEFANGLVGGEGPEPMPFNFGEKTSKNFDPIGFSERAPEWLNWFREAELKHGRQAMLGVVGFVVPEFIRVPGEQFSFEAIPKVIDAHDALLDTSMKQILLWVSFMEAMSLGALSNMNEFDRKPGNFGFDPLGLMPTDAEKAKNMELAELKNGRLAMVALGGMVHGAIVTGHGFPYLPLI
Thalassiosira_weissflogii_0203172898	MMKLAALAALMGSAAAFAPAQTGKATTALNAFESELGAQPPLGFFDPLGLLDEAGQARFDRLRYVEIKHGRICQLAFLGNIITRAGIHLPGNIDTAGDSFDSYPNGFGALFGPDAIPQDGRLQILFFIGFLELFVMKDVTGQGEFVGDFRNGFIDFGWDKFDEETKLKKRAIELNNGRAAMMGILGLMVHEKLGGELPIVGPMX
Thalassiosira_weissflogii_0203501280	MIVVKKIAPLWVAASLLFSTIVPTLAFQTAVQTKAVVYSTSRTSSEHSRRHSTVLSESSSRDDFDTPVPEIPAETPLPQSVPPQPQTKRTIDPLVASLTRIDEPTPDYVPSVQTPLLGEIPADGNLALLAPAAGIAVLGFIFSIVVAFNSRDAFVEELSAIELPKMEYTPTVVEDGKCRGLCADQEKDLEGLRGFMDSLGK
Thalassiosira_weissflogii_0203214018	XECSEEVRLWVAASLLFSTIVPTLAFQTAVQTKAVVYSTSRTSSEHSRRHSTVLSESSSRDDFDTPVPEIPAETPLPQSVPPQPQTKRTIDPLVASLTRIDEPTPDYVPSVQTPLLGEIPADGNLALLAPAAGIAVLGFIFSIVVAFNSRDAFVEELSAIELPKMEYTPTVVEDGKCRGLCADQEKDLEGLRGFMDSLGK
Thalassiosira_weissflogii_0203609740	MPLPLFGSARTAAAFTIAKARALPRFAGWALPLATGALWFVWPAVDEQWKIDMGIKADPEAAAKAAAAAEEEAKKSAPVQLSAEATKKVETAYKAHVVEETDDDKLLAEAAKKGDFSFLEDKWEAFNEKAIKPGEDDDDEEEEDDEEDDDDEGEGDEGGDDDDDDDDE
Thalassiosira_weissflogii_0203565880	MKNCQTVALLCVALVACASAFAPVAPTTRAPSVKAVKPLAMVPKDEASVKDQNAAAIAAFSTAMAPFAAQAADVDEGVSLILGYQNAAAIAAFSTAMAPFAAQAADVDEGVVIGYGAGLVACVVSLAVGFAIGYGTLVKP
Thalassiosira_weissflogii_0201848920	MSGKGKGGRGDKKVTTASAKAGLQFPVGRIGRYLRQGKYASRMGAGAPVYLAAVLEYLCAEILELAGNAARDNKKSRIVPRHITLAVKNDEELNKLLGNVTIAAGGVLPNIHAVLLPKKSGGSKAVSSKSQDY
Thalassiosira_weissflogii_0203398754	MAKTPSEQAPSKAVKAPGDKKKRSKKRVESYSTYIYKVLKQVHPDTGISKKGMSIMNSFIKDIFERIAGEAGKLCTYNKKGTLSSREIQTAVRLMLPGELAKHAVSEGTKAVTKFSSA
Thalassiosira_weissflogii_0171432196	MMTKPRRHLPITSLLAAIAAITDTQAFISPSQNLVPPSYNHRSTLKQQEQPQLPDSSSENNNINNENPQKEKNYDKVIEVQAEILTPEEEAKVGNLVANEEWAGLSMX
Thalassiosira_weissflogii_0203164374	XFNQVGTVATVDQSGIRYPVVVRFESVNYAGTNTNNFALDELVEVTTEK
