peptide,lca,superkingdom,kingdom,subkingdom,superphylum,phylum,subphylum,superclass,class,subclass,infraclass,superorder,order,suborder,infraorder,parvorder,superfamily,family,subfamily,tribe,subtribe,genus,subgenus,species group,species subgroup,species,subspecies,varietas,forma,EC,EC - names,GO (cellular component),GO (molecular function),GO (biological process),GO (cellular component) - names,GO (molecular function) - names,GO (biological process) - names,InterPro,InterPro - names
LPQVEGTGGDVQPSQDLVR,root,,,,,,,,,,,,,,,,,,,,,,,,,,,,,,,GO:0005737 (90%);GO:0005829 (0%);GO:0016020 (0%),cytoplasm (90%);cytosol (0%);membrane (0%),GO:0005524 (95%);GO:0008233 (5%);GO:0016787 (1%),ATP binding (95%);peptidase activity (5%);hydrolase activity (1%),GO:0019538 (95%);GO:0009408 (90%);GO:0042026 (90%),protein metabolic process (95%);response to heat (90%);protein refolding (90%),IPR004176 (100%);IPR036628 (100%);IPR027417 (97%),Clp, N-terminal (100%);Clp, N-terminal domain superfamily (100%);P-loop containing nucleoside triphosphate hydrolase (97%)
VLGQNEAVDAVSNALR,root,,,,,,,,,,,,,,,,,,,,,,,,,,,,,,,GO:0005737 (94%);GO:0005829 (0%);GO:0016020 (0%),cytoplasm (94%);cytosol (0%);membrane (0%),GO:0005524 (100%);GO:0008233 (6%);GO:0016787 (1%),ATP binding (100%);peptidase activity (6%);hydrolase activity (1%),GO:0009408 (94%);GO:0042026 (94%);GO:0019538 (90%),response to heat (94%);protein refolding (94%);protein metabolic process (90%),IPR027417 (100%);IPR003959 (99%);IPR001270 (99%),P-loop containing nucleoside triphosphate hydrolase (100%);ATPase, AAA-type, core (99%);ClpA/B family (99%)
DADGGDGPEAPSEEKN,,,,,,,,,,,,,,,,,,,,,,,,,,,,,,,,,,,,,,,
GGGTLGHPDGLQA,,,,,,,,,,,,,,,,,,,,,,,,,,,,,,,,,,,,,,,
GGGTLGHPDGLQ,,,,,,,,,,,,,,,,,,,,,,,,,,,,,,,,,,,,,,,
ADGGDGPEAPSEEKN,,,,,,,,,,,,,,,,,,,,,,,,,,,,,,,,,,,,,,,
VNDDGTLQDPVLGTK,,,,,,,,,,,,,,,,,,,,,,,,,,,,,,,,,,,,,,,
FGGGTLGHPDGLQ,,,,,,,,,,,,,,,,,,,,,,,,,,,,,,,,,,,,,,,
NDDGTLQDPVLGTK,,,,,,,,,,,,,,,,,,,,,,,,,,,,,,,,,,,,,,,
AALGPGLGQGNAAGQ,,,,,,,,,,,,,,,,,,,,,,,,,,,,,,,,,,,,,,,
FGGGTLGHPDGLQA,,,,,,,,,,,,,,,,,,,,,,,,,,,,,,,,,,,,,,,
NPVLLGEPGVGK,root,,,,,,,,,,,,,,,,,,,,,,,,,,,,,,,,,GO:0005524 (100%);GO:0008233 (17%),ATP binding (100%);peptidase activity (17%),,,IPR027417 (100%);IPR003959 (88%);IPR003593 (75%),P-loop containing nucleoside triphosphate hydrolase (100%);ATPase, AAA-type, core (88%);AAA+ ATPase domain (75%)
VTDAELAEVLAR,root,,,,,,,,,,,,,,,,,,,,,,,,,,,,,,,GO:0005737 (93%);GO:0005829 (0%);GO:0016020 (0%),cytoplasm (93%);cytosol (0%);membrane (0%),GO:0005524 (100%);GO:0008233 (4%);GO:0016787 (1%),ATP binding (100%);peptidase activity (4%);hydrolase activity (1%),GO:0009408 (93%);GO:0042026 (93%);GO:0019538 (90%),response to heat (93%);protein refolding (93%);protein metabolic process (90%),IPR027417 (100%);IPR003959 (99%);IPR003593 (98%),P-loop containing nucleoside triphosphate hydrolase (100%);ATPase, AAA-type, core (99%);AAA+ ATPase domain (98%)
FSEEQRPGTPQ,,,,,,,,,,,,,,,,,,,,,,,,,,,,,,,,,,,,,,,
RLTPQPGVDPVEA,,,,,,,,,,,,,,,,,,,,,,,,,,,,,,,,,,,,,,,
ALDLLDEAASSLR,root,,,,,,,,,,,,,,,,,,,,,,,,,,,,,3.4.21.- (100%),Serine endopeptidases (100%),GO:0005737 (94%);GO:0016020 (0%);GO:0005759 (0%),cytoplasm (94%);membrane (0%);mitochondrial matrix (0%),GO:0005524 (100%);GO:0008233 (8%);GO:0016787 (1%),ATP binding (100%);peptidase activity (8%);hydrolase activity (1%),GO:0042026 (94%);GO:0009408 (94%);GO:0019538 (88%),protein refolding (94%);response to heat (94%);protein metabolic process (88%),IPR027417 (100%);IPR041546 (100%);IPR003959 (99%),P-loop containing nucleoside triphosphate hydrolase (100%);ClpA/ClpB, AAA lid domain (100%);ATPase, AAA-type, core (99%)
RLTPQPGVDPVE,,,,,,,,,,,,,,,,,,,,,,,,,,,,,,,,,,,,,,,
ATGEVKGSY,Navicula ramosissima,Eukaryota,,,,Bacillariophyta,,,Bacillariophyceae,,,,Naviculales,,,,,Naviculaceae,,,,Navicula,,,,Navicula ramosissima,,,,,,GO:0009507 (100%),chloroplast (100%),GO:0000287 (100%),magnesium ion binding (100%),,,,
ALGPGLGQGNAAGQ,,,,,,,,,,,,,,,,,,,,,,,,,,,,,,,,,,,,,,,
QELEDLTKGL,root,,,,,,,,,,,,,,,,,,,,,,,,,,,,,,,GO:0016021 (100%);GO:0009535 (98%);GO:0009539 (97%),integral component of membrane (100%);chloroplast thylakoid membrane (98%);photosystem II reaction center (97%),GO:0005506 (98%);GO:0009055 (98%);GO:0020037 (97%),iron ion binding (98%);electron transfer activity (98%);heme binding (97%),GO:0009767 (97%);GO:0015979 (2%),photosynthetic electron transport chain (97%);photosynthesis (2%),,
DKFDEETK,Candidatus Cloacimonetes bacterium,Bacteria,,,,Candidatus Cloacimonetes,,,,,,,,,,,,,,,,,,,,Candidatus Cloacimonetes bacterium,,,,,,,,GO:0016491 (100%),oxidoreductase activity (100%),,,,
NGESRPGTLPGWEGP,,,,,,,,,,,,,,,,,,,,,,,,,,,,,,,,,,,,,,,
FGGGTLGHPD,,,,,,,,,,,,,,,,,,,,,,,,,,,,,,,,,,,,,,,
QGPDNTPHK,,,,,,,,,,,,,,,,,,,,,,,,,,,,,,,,,,,,,,,
FDLKDPAT,,,,,,,,,,,,,,,,,,,,,,,,,,,,,,,,,,,,,,,
RLTPQPGVDPVEAA,,,,,,,,,,,,,,,,,,,,,,,,,,,,,,,,,,,,,,,
FGGGTLGHPDG,,,,,,,,,,,,,,,,,,,,,,,,,,,,,,,,,,,,,,,
NNPVLLGEPGVGK,root,,,,,,,,,,,,,,,,,,,,,,,,,,,,,3.4.21.92 (36%);3.4.21.- (18%);3.4.21.53 (12%),Endopeptidase Clp (36%);Serine endopeptidases (18%);Endopeptidase La (12%),GO:0005737 (57%);GO:0009507 (1%);GO:0005634 (0%),cytoplasm (57%);chloroplast (1%);nucleus (0%),GO:0005524 (99%);GO:0008233 (33%);GO:0008134 (1%),ATP binding (99%);peptidase activity (33%);transcription factor binding (1%),GO:0019538 (63%);GO:0042026 (57%);GO:0009408 (56%),protein metabolic process (63%);protein refolding (57%);response to heat (56%),IPR027417 (100%);IPR003959 (99%);IPR003593 (99%),P-loop containing nucleoside triphosphate hydrolase (100%);ATPase, AAA-type, core (99%);AAA+ ATPase domain (99%)
GYDPDLPLLGH,,,,,,,,,,,,,,,,,,,,,,,,,,,,,,,,,,,,,,,
GLPLFDLKDPAT,,,,,,,,,,,,,,,,,,,,,,,,,,,,,,,,,,,,,,,
GVHLPGNLDYAGN,,,,,,,,,,,,,,,,,,,,,,,,,,,,,,,,,,,,,,,
SEEQRPGTPQ,,,,,,,,,,,,,,,,,,,,,,,,,,,,,,,,,,,,,,,
DFRNGAL,,,,,,,,,,,,,,,,,,,,,,,,,,,,,,,,,,,,,,,
GLMVHEQL,,,,,,,,,,,,,,,,,,,,,,,,,,,,,,,,,,,,,,,
LAALGPGLGQGN,,,,,,,,,,,,,,,,,,,,,,,,,,,,,,,,,,,,,,,
EHWEFPDPNQE,,,,,,,,,,,,,,,,,,,,,,,,,,,,,,,,,,,,,,,
ELGAQPPLGF,,,,,,,,,,,,,,,,,,,,,,,,,,,,,,,,,,,,,,,
VTEEPLEYHPL,,,,,,,,,,,,,,,,,,,,,,,,,,,,,,,,,,,,,,,
LGYDPDLPLLGH,,,,,,,,,,,,,,,,,,,,,,,,,,,,,,,,,,,,,,,
LGGELPLVGQM,,,,,,,,,,,,,,,,,,,,,,,,,,,,,,,,,,,,,,,
LTPQPGVDPVEA,,,,,,,,,,,,,,,,,,,,,,,,,,,,,,,,,,,,,,,
SGPDALPGAGL,,,,,,,,,,,,,,,,,,,,,,,,,,,,,,,,,,,,,,,
FRLTPQPGVDPVEAA,,,,,,,,,,,,,,,,,,,,,,,,,,,,,,,,,,,,,,,
NGESRPGTLPGWEGPG,,,,,,,,,,,,,,,,,,,,,,,,,,,,,,,,,,,,,,,
LGGELPLVGPM,,,,,,,,,,,,,,,,,,,,,,,,,,,,,,,,,,,,,,,
LFDLKDPAT,Acidobacteria bacterium,Bacteria,,,,Acidobacteria,,,,,,,,,,,,,,,,,,,,Acidobacteria bacterium,,,,,,GO:0009279 (100%),cell outer membrane (100%),,,,,,
YDPDLPLLGH,,,,,,,,,,,,,,,,,,,,,,,,,,,,,,,,,,,,,,,
HAVETEPNK,,,,,,,,,,,,,,,,,,,,,,,,,,,,,,,,,,,,,,,
DEKVNPGDLLY,,,,,,,,,,,,,,,,,,,,,,,,,,,,,,,,,,,,,,,
GRVGGGLYT,,,,,,,,,,,,,,,,,,,,,,,,,,,,,,,,,,,,,,,
TLRPGDVLG,,,,,,,,,,,,,,,,,,,,,,,,,,,,,,,,,,,,,,,
GLKPSDPEEF,,,,,,,,,,,,,,,,,,,,,,,,,,,,,,,,,,,,,,,
AGVHLPGNL,,,,,,,,,,,,,,,,,,,,,,,,,,,,,,,,,,,,,,,
LTPQPGVDPVE,,,,,,,,,,,,,,,,,,,,,,,,,,,,,,,,,,,,,,,
FGGGTLGHP,,,,,,,,,,,,,,,,,,,,,,,,,,,,,,,,,,,,,,,
VGDFRNGAL,,,,,,,,,,,,,,,,,,,,,,,,,,,,,,,,,,,,,,,
GGDGPEAPSEEKN,,,,,,,,,,,,,,,,,,,,,,,,,,,,,,,,,,,,,,,
VLGTPRGPNT,,,,,,,,,,,,,,,,,,,,,,,,,,,,,,,,,,,,,,,
VTEEPLEYHP,,,,,,,,,,,,,,,,,,,,,,,,,,,,,,,,,,,,,,,
ALGPGLGQGN,,,,,,,,,,,,,,,,,,,,,,,,,,,,,,,,,,,,,,,
SNGRPLEA,,,,,,,,,,,,,,,,,,,,,,,,,,,,,,,,,,,,,,,
AGVHLPGNLDYA,,,,,,,,,,,,,,,,,,,,,,,,,,,,,,,,,,,,,,,
SFLPDLTDQ,,,,,,,,,,,,,,,,,,,,,,,,,,,,,,,,,,,,,,,
AALGPGLGQGNA,,,,,,,,,,,,,,,,,,,,,,,,,,,,,,,,,,,,,,,
AEQDKERYT,,,,,,,,,,,,,,,,,,,,,,,,,,,,,,,,,,,,,,,
TGEVKGSY,Nitzschia palea,Eukaryota,,,,Bacillariophyta,,,Bacillariophyceae,,,,Bacillariales,,,,,Bacillariaceae,,,,Nitzschia,,,,Nitzschia palea,,,,,,GO:0009507 (67%);GO:0016021 (67%),chloroplast (67%);integral component of membrane (67%),GO:0000287 (100%),magnesium ion binding (100%),,,,
NGESRPGTLP,,,,,,,,,,,,,,,,,,,,,,,,,,,,,,,,,,,,,,,
QFGGGTLGHPDGLQ,,,,,,,,,,,,,,,,,,,,,,,,,,,,,,,,,,,,,,,
FNGESRPGTLP,,,,,,,,,,,,,,,,,,,,,,,,,,,,,,,,,,,,,,,
LMVHEQL,,,,,,,,,,,,,,,,,,,,,,,,,,,,,,,,,,,,,,,
LTPQPGVDPVEAA,,,,,,,,,,,,,,,,,,,,,,,,,,,,,,,,,,,,,,,
SGGSTGERPF,,,,,,,,,,,,,,,,,,,,,,,,,,,,,,,,,,,,,,,
AALGPGLGQGNAA,,,,,,,,,,,,,,,,,,,,,,,,,,,,,,,,,,,,,,,
VVAPDPDK,,,,,,,,,,,,,,,,,,,,,,,,,,,,,,,,,,,,,,,
ALQQQLENPLAQQLLSGELVPGK,root,,,,,,,,,,,,,,,,,,,,,,,,,,,,,,,GO:0005737 (93%);GO:0005829 (0%);GO:0016020 (0%),cytoplasm (93%);cytosol (0%);membrane (0%),GO:0005524 (100%);GO:0008233 (2%);GO:0016787 (0%),ATP binding (100%);peptidase activity (2%);hydrolase activity (0%),GO:0009408 (93%);GO:0042026 (93%);GO:0019538 (90%),response to heat (93%);protein refolding (93%);protein metabolic process (90%),IPR019489 (100%);IPR027417 (100%);IPR003959 (99%),Clp ATPase, C-terminal (100%);P-loop containing nucleoside triphosphate hydrolase (100%);ATPase, AAA-type, core (99%)
AQDQPHENF,,,,,,,,,,,,,,,,,,,,,,,,,,,,,,,,,,,,,,,
TDDPHPRNNY,,,,,,,,,,,,,,,,,,,,,,,,,,,,,,,,,,,,,,,
FETDPLRDPNN,,,,,,,,,,,,,,,,,,,,,,,,,,,,,,,,,,,,,,,
GVHLPGNLDYA,,,,,,,,,,,,,,,,,,,,,,,,,,,,,,,,,,,,,,,
GYDPDLPLLGHLQ,,,,,,,,,,,,,,,,,,,,,,,,,,,,,,,,,,,,,,,
GGGTLGHPDG,,,,,,,,,,,,,,,,,,,,,,,,,,,,,,,,,,,,,,,
GLKPSDPEE,,,,,,,,,,,,,,,,,,,,,,,,,,,,,,,,,,,,,,,
HWEFPDPNQE,,,,,,,,,,,,,,,,,,,,,,,,,,,,,,,,,,,,,,,
SGGSTGERP,,,,,,,,,,,,,,,,,,,,,,,,,,,,,,,,,,,,,,,
ALGPGLGQGNAA,,,,,,,,,,,,,,,,,,,,,,,,,,,,,,,,,,,,,,,
GVHLPGNL,,,,,,,,,,,,,,,,,,,,,,,,,,,,,,,,,,,,,,,
NSPGAGNVLRVT,,,,,,,,,,,,,,,,,,,,,,,,,,,,,,,,,,,,,,,
GGELPLVGPM,,,,,,,,,,,,,,,,,,,,,,,,,,,,,,,,,,,,,,,
ASEVDVVDGPN,,,,,,,,,,,,,,,,,,,,,,,,,,,,,,,,,,,,,,,
DDADQERFD,,,,,,,,,,,,,,,,,,,,,,,,,,,,,,,,,,,,,,,
RDVPGTGN,,,,,,,,,,,,,,,,,,,,,,,,,,,,,,,,,,,,,,,
GQNEAVDAVSNALR,,,,,,,,,,,,,,,,,,,,,,,,,,,,,,,,,,,,,,,
AGVHLPGNLDY,,,,,,,,,,,,,,,,,,,,,,,,,,,,,,,,,,,,,,,
TLGHPDGLQA,,,,,,,,,,,,,,,,,,,,,,,,,,,,,,,,,,,,,,,
QNEAVDAVSNALR,,,,,,,,,,,,,,,,,,,,,,,,,,,,,,,,,,,,,,,
GLLDDADQERF,,,,,,,,,,,,,,,,,,,,,,,,,,,,,,,,,,,,,,,
EDLTKGL,root,,,,,,,,,,,,,,,,,,,,,,,,,,,,,3.1.-.- (100%),Acting on ester bonds (100%),GO:0016021 (26%);GO:0005737 (9%);GO:0005694 (6%),integral component of membrane (26%);cytoplasm (9%);chromosome (6%),GO:0003677 (21%);GO:0005524 (15%);GO:0003723 (12%),DNA binding (21%);ATP binding (15%);RNA binding (12%),GO:0006260 (9%);GO:0006071 (6%);GO:0006355 (6%),DNA replication (9%);glycerol metabolic process (6%);regulation of transcription, DNA-templated (6%),,
LDAGELLH,,,,,,,,,,,,,,,,,,,,,,,,,,,,,,,,,,,,,,,
EAPQNPKAN,Navicula minima,Eukaryota,,,,Bacillariophyta,,,Bacillariophyceae,,,,Naviculales,,,,,Naviculaceae,,,,Navicula,,,,Navicula minima,,,,,,,,,,,,,
HDSLGVGEDGPT,,,,,,,,,,,,,,,,,,,,,,,,,,,,,,,,,,,,,,,
AGLHLPGNLDTA,,,,,,,,,,,,,,,,,,,,,,,,,,,,,,,,,,,,,,,
FDPSTLPVQF,Thalassiosira pseudonana,Eukaryota,,,,Bacillariophyta,,,Coscinodiscophyceae,Thalassiosirophycidae,,,Thalassiosirales,,,,,Thalassiosiraceae,,,,Thalassiosira,,,,Thalassiosira pseudonana,,,,,,GO:0009535 (100%);GO:0016021 (100%),chloroplast thylakoid membrane (100%);integral component of membrane (100%),GO:0016168 (100%),chlorophyll binding (100%),GO:0009416 (100%);GO:0009768 (100%);GO:0018298 (100%),response to light stimulus (100%);photosynthesis, light harvesting in photosystem I (100%);protein-chromophore linkage (100%),IPR001344 (100%);IPR022796 (100%);IPR023329 (100%),Chlorophyll A-B binding protein, plant (100%);Chlorophyll A-B binding protein (100%);Chlorophyll a/b binding domain superfamily (100%)
GVHLPGNLDY,,,,,,,,,,,,,,,,,,,,,,,,,,,,,,,,,,,,,,,
GGELPLVGQM,,,,,,,,,,,,,,,,,,,,,,,,,,,,,,,,,,,,,,,
AALGPGLGQGN,,,,,,,,,,,,,,,,,,,,,,,,,,,,,,,,,,,,,,,
FGWDDFDEETK,,,,,,,,,,,,,,,,,,,,,,,,,,,,,,,,,,,,,,,
TDAELAEVLAR,Streptomyces,Bacteria,,,,Actinobacteria,,,Actinobacteria,,,,Streptomycetales,,,,,Streptomycetaceae,,,,Streptomyces,,,,,,,,,,GO:0016020 (100%),membrane (100%),GO:0015095 (100%),magnesium ion transmembrane transporter activity (100%),,,IPR000644 (100%);IPR006668 (100%);IPR006669 (100%),CBS domain (100%);Magnesium transporter, MgtE intracellular domain (100%);Magnesium transporter MgtE (100%)
GVMKDVTGEA,,,,,,,,,,,,,,,,,,,,,,,,,,,,,,,,,,,,,,,
ADVDEGVVLGY,,,,,,,,,,,,,,,,,,,,,,,,,,,,,,,,,,,,,,,
TEAPQNPKAN,,,,,,,,,,,,,,,,,,,,,,,,,,,,,,,,,,,,,,,
KDVTGEAEF,,,,,,,,,,,,,,,,,,,,,,,,,,,,,,,,,,,,,,,
GTPRPNEY,,,,,,,,,,,,,,,,,,,,,,,,,,,,,,,,,,,,,,,
AGVHLPGNLDYAGDS,,,,,,,,,,,,,,,,,,,,,,,,,,,,,,,,,,,,,,,
GVGAVGGGGM,,,,,,,,,,,,,,,,,,,,,,,,,,,,,,,,,,,,,,,
NGESRPGTLPG,,,,,,,,,,,,,,,,,,,,,,,,,,,,,,,,,,,,,,,
QFGGGTLGHPDG,,,,,,,,,,,,,,,,,,,,,,,,,,,,,,,,,,,,,,,
HLPGNLD,,,,,,,,,,,,,,,,,,,,,,,,,,,,,,,,,,,,,,,
LGYDPDLPLLGHLQ,,,,,,,,,,,,,,,,,,,,,,,,,,,,,,,,,,,,,,,
GYDFLPGKL,,,,,,,,,,,,,,,,,,,,,,,,,,,,,,,,,,,,,,,
GLHLPGNLDT,,,,,,,,,,,,,,,,,,,,,,,,,,,,,,,,,,,,,,,
ALSGPDALPGAG,,,,,,,,,,,,,,,,,,,,,,,,,,,,,,,,,,,,,,,
GVGGGNDERE,,,,,,,,,,,,,,,,,,,,,,,,,,,,,,,,,,,,,,,
GGTLGHPD,,,,,,,,,,,,,,,,,,,,,,,,,,,,,,,,,,,,,,,
KASPDSDLK,,,,,,,,,,,,,,,,,,,,,,,,,,,,,,,,,,,,,,,
ALDFGWDKF,,,,,,,,,,,,,,,,,,,,,,,,,,,,,,,,,,,,,,,
FGGGTLGHPDGLQAGA,,,,,,,,,,,,,,,,,,,,,,,,,,,,,,,,,,,,,,,
LDTPGHVD,,,,,,,,,,,,,,,,,,,,,,,,,,,,,,,,,,,,,,,
AGVHLPGN,,,,,,,,,,,,,,,,,,,,,,,,,,,,,,,,,,,,,,,
LSGPDALPGAGL,,,,,,,,,,,,,,,,,,,,,,,,,,,,,,,,,,,,,,,
FRLTPQPGVDPVEA,,,,,,,,,,,,,,,,,,,,,,,,,,,,,,,,,,,,,,,
VMKDVTGE,,,,,,,,,,,,,,,,,,,,,,,,,,,,,,,,,,,,,,,
LVTEEPLEYHPL,,,,,,,,,,,,,,,,,,,,,,,,,,,,,,,,,,,,,,,
GGGTLGHPDGLQAGA,,,,,,,,,,,,,,,,,,,,,,,,,,,,,,,,,,,,,,,
QDQPHENF,,,,,,,,,,,,,,,,,,,,,,,,,,,,,,,,,,,,,,,
DKVEEY,,,,,,,,,,,,,,,,,,,,,,,,,,,,,,,,,,,,,,,
VGTPEER,root,,,,,,,,,,,,,,,,,,,,,,,,,,,,,3.1.-.- (50%);2.1.1.130 (38%);2.4.1.302 (13%),Acting on ester bonds (50%);Precorrin-2 C(20)-methyltransferase (38%);L-demethylnoviosyl transferase (13%),GO:0016021 (33%);GO:0005737 (7%);GO:0016459 (5%),integral component of membrane (33%);cytoplasm (7%);myosin complex (5%),GO:0005524 (44%);GO:0016887 (37%);GO:0016758 (23%),ATP binding (44%);ATPase activity (37%);transferase activity, transferring hexosyl groups (23%),GO:0015833 (25%);GO:0009236 (14%);GO:0032259 (14%),peptide transport (25%);cobalamin biosynthetic process (14%);methylation (14%),IPR027417 (45%);IPR003439 (36%);IPR003593 (36%),P-loop containing nucleoside triphosphate hydrolase (45%);ABC transporter-like (36%);AAA+ ATPase domain (36%)
VTEEPLEY,,,,,,,,,,,,,,,,,,,,,,,,,,,,,,,,,,,,,,,
GVHLPGNLDYAGDS,,,,,,,,,,,,,,,,,,,,,,,,,,,,,,,,,,,,,,,
GGTLGHPDG,,,,,,,,,,,,,,,,,,,,,,,,,,,,,,,,,,,,,,,
MRDVPGTGNE,,,,,,,,,,,,,,,,,,,,,,,,,,,,,,,,,,,,,,,
DDADQERF,,,,,,,,,,,,,,,,,,,,,,,,,,,,,,,,,,,,,,,
DFGWDK,root,,,,,,,,,,,,,,,,,,,,,,,,,,,,,1.2.3.3 (86%);2.1.1.- (10%);2.4.1.21 (5%),Pyruvate oxidase (86%);Methyltransferases (10%);Starch synthase (5%),GO:0016021 (3%),integral component of membrane (3%),GO:0047112 (70%);GO:0000287 (67%);GO:0030976 (67%),pyruvate oxidase activity (70%);magnesium ion binding (67%);thiamine pyrophosphate binding (67%),GO:0055085 (10%);GO:0032259 (7%);GO:0005978 (2%),transmembrane transport (10%);methylation (7%);glycogen biosynthetic process (2%),IPR029035 (62%);IPR029061 (62%);IPR000399 (61%),DHS-like NAD/FAD-binding domain superfamily (62%);Thiamin diphosphate-binding fold (62%);TPP-binding enzyme, conserved site (61%)
FMRDVPGTGN,,,,,,,,,,,,,,,,,,,,,,,,,,,,,,,,,,,,,,,
GVHLPGNLDYAG,,,,,,,,,,,,,,,,,,,,,,,,,,,,,,,,,,,,,,,
GTLGHPDG,,,,,,,,,,,,,,,,,,,,,,,,,,,,,,,,,,,,,,,
LMVHEE,,,,,,,,,,,,,,,,,,,,,,,,,,,,,,,,,,,,,,,
TPDQDVGH,,,,,,,,,,,,,,,,,,,,,,,,,,,,,,,,,,,,,,,
FDRKPGN,,,,,,,,,,,,,,,,,,,,,,,,,,,,,,,,,,,,,,,
KDVTGEAE,,,,,,,,,,,,,,,,,,,,,,,,,,,,,,,,,,,,,,,
DDGTLQDPVLGTK,,,,,,,,,,,,,,,,,,,,,,,,,,,,,,,,,,,,,,,
LQDPVLGTK,Seinonella peptonophila,Bacteria,,,,Firmicutes,,,Bacilli,,,,Bacillales,,,,,Thermoactinomycetaceae,,,,Seinonella,,,,Seinonella peptonophila,,,,,,,,GO:0003676 (100%);GO:0004519 (100%),nucleic acid binding (100%);endonuclease activity (100%),,,IPR002071 (100%);IPR016071 (100%);IPR035437 (100%),Thermonuclease active site (100%);Staphylococcal nuclease (SNase-like), OB-fold (100%);SNase-like, OB-fold superfamily (100%)
GVMKDVTGE,,,,,,,,,,,,,,,,,,,,,,,,,,,,,,,,,,,,,,,
PVLLGEPGVGK,Bacteria,Bacteria,,,,,,,,,,,,,,,,,,,,,,,,,,,,,,,,GO:0005524 (100%);GO:0008233 (25%),ATP binding (100%);peptidase activity (25%),,,IPR003593 (100%);IPR003959 (100%);IPR018368 (100%),AAA+ ATPase domain (100%);ATPase, AAA-type, core (100%);ClpA/B, conserved site 1 (100%)
AATGEVKGSY,root,,,,,,,,,,,,,,,,,,,,,,,,,,,,,,,GO:0016021 (100%),integral component of membrane (100%),GO:0000287 (100%),magnesium ion binding (100%),,,,
LTEAPQNPKAN,,,,,,,,,,,,,,,,,,,,,,,,,,,,,,,,,,,,,,,
DFDEETK,root,,,,,,,,,,,,,,,,,,,,,,,,,,,,,2.1.1.- (100%),Methyltransferases (100%),GO:0016021 (19%);GO:0005840 (6%),integral component of membrane (19%);ribosome (6%),GO:0008168 (63%);GO:0000166 (13%);GO:0030170 (13%),methyltransferase activity (63%);nucleotide binding (13%);pyridoxal phosphate binding (13%),GO:0032259 (63%);GO:0019346 (13%),methylation (63%);transsulfuration (13%),IPR029063 (65%);IPR041698 (65%);IPR000277 (12%),S-adenosyl-L-methionine-dependent methyltransferase (65%);Methyltransferase domain 25 (65%);Cys/Met metabolism, pyridoxal phosphate-dependent enzyme (12%)
EEDPKTDY,,,,,,,,,,,,,,,,,,,,,,,,,,,,,,,,,,,,,,,
FDTVDWSKF,,,,,,,,,,,,,,,,,,,,,,,,,,,,,,,,,,,,,,,
EEPLEYHP,,,,,,,,,,,,,,,,,,,,,,,,,,,,,,,,,,,,,,,
VSGPDGLPHPVP,,,,,,,,,,,,,,,,,,,,,,,,,,,,,,,,,,,,,,,
TELEVNLPY,,,,,,,,,,,,,,,,,,,,,,,,,,,,,,,,,,,,,,,
TVKDTDVL,,,,,,,,,,,,,,,,,,,,,,,,,,,,,,,,,,,,,,,
DFRNGY,,,,,,,,,,,,,,,,,,,,,,,,,,,,,,,,,,,,,,,
ELEDLTKGL,,,,,,,,,,,,,,,,,,,,,,,,,,,,,,,,,,,,,,,
GGSLPLVGEM,,,,,,,,,,,,,,,,,,,,,,,,,,,,,,,,,,,,,,,
DQERFD,,,,,,,,,,,,,,,,,,,,,,,,,,,,,,,,,,,,,,,
ALRLEDM,,,,,,,,,,,,,,,,,,,,,,,,,,,,,,,,,,,,,,,
DTVDWSKF,,,,,,,,,,,,,,,,,,,,,,,,,,,,,,,,,,,,,,,
GAQPPLGF,,,,,,,,,,,,,,,,,,,,,,,,,,,,,,,,,,,,,,,
GLPEDDPRNP,root,,,,,,,,,,,,,,,,,,,,,,,,,,,,,7.2.3.- (50%);7.1.3.1 (46%);3.6.1.1 (4%),Linked to the hydrolysis of diphosphate (50%);H(+)-exporting diphosphatase (46%);Inorganic diphosphatase (4%),GO:0005887 (87%);GO:0016021 (13%),integral component of plasma membrane (87%);integral component of membrane (13%),GO:0004427 (100%);GO:0009678 (99%);GO:0000287 (87%),inorganic diphosphatase activity (100%);pyrophosphate hydrolysis-driven proton transmembrane transporter activity (99%);magnesium ion binding (87%),GO:0006814 (45%),sodium ion transport (45%),,
NSPGAGNVLR,,,,,,,,,,,,,,,,,,,,,,,,,,,,,,,,,,,,,,,
GPDALPGAGLAQ,,,,,,,,,,,,,,,,,,,,,,,,,,,,,,,,,,,,,,,
DPDLPLLGH,,,,,,,,,,,,,,,,,,,,,,,,,,,,,,,,,,,,,,,
RNEGQDY,,,,,,,,,,,,,,,,,,,,,,,,,,,,,,,,,,,,,,,
SGLKPPLDL,,,,,,,,,,,,,,,,,,,,,,,,,,,,,,,,,,,,,,,
AADDKERYQ,,,,,,,,,,,,,,,,,,,,,,,,,,,,,,,,,,,,,,,
GVHLPGNLD,,,,,,,,,,,,,,,,,,,,,,,,,,,,,,,,,,,,,,,
FEDELGAQPP,,,,,,,,,,,,,,,,,,,,,,,,,,,,,,,,,,,,,,,
WEFPDPNQ,,,,,,,,,,,,,,,,,,,,,,,,,,,,,,,,,,,,,,,
SEEQRPGTP,,,,,,,,,,,,,,,,,,,,,,,,,,,,,,,,,,,,,,,
SDEGVTPLLA,,,,,,,,,,,,,,,,,,,,,,,,,,,,,,,,,,,,,,,
VGGGNDEREQT,,,,,,,,,,,,,,,,,,,,,,,,,,,,,,,,,,,,,,,
ADEVFNKL,,,,,,,,,,,,,,,,,,,,,,,,,,,,,,,,,,,,,,,
SDGLSEEK,Parabacteroides,Bacteria,,,,Bacteroidetes,,,Bacteroidia,,,,Bacteroidales,,,,,Tannerellaceae,,,,Parabacteroides,,,,,,,,,,,,,,,,IPR011042 (100%),Six-bladed beta-propeller, TolB-like (100%)
GDLGEVRQ,Pseudomonas,Bacteria,,,,Proteobacteria,,,Gammaproteobacteria,,,,Pseudomonadales,,,,,Pseudomonadaceae,,,,Pseudomonas,,,,,,,,2.4.1.182 (100%),Lipid-A-disaccharide synthase (100%),,,GO:0016491 (67%);GO:0008915 (33%),oxidoreductase activity (67%);lipid-A-disaccharide synthase activity (33%),GO:0009245 (33%),lipid A biosynthetic process (33%),,
FDLKDPA,,,,,,,,,,,,,,,,,,,,,,,,,,,,,,,,,,,,,,,
FDEETKL,root,,,,,,,,,,,,,,,,,,,,,,,,,,,,,2.3.2.31 (90%);1.3.1.- (10%),RBR-type E3 ubiquitin transferase (90%);With NAD(+) or NADP(+) as acceptor (10%),GO:0016021 (30%),integral component of membrane (30%),GO:0004842 (45%);GO:0046872 (45%);GO:0005315 (25%),ubiquitin-protein transferase activity (45%);metal ion binding (45%);inorganic phosphate transmembrane transporter activity (25%),GO:0006817 (25%);GO:0006355 (10%);GO:0005975 (5%),phosphate ion transport (25%);regulation of transcription, DNA-templated (10%);carbohydrate metabolic process (5%),,
VFPEEVLPR,,,,,,,,,,,,,,,,,,,,,,,,,,,,,,,,,,,,,,,
NPEGSRY,root,,,,,,,,,,,,,,,,,,,,,,,,,,,,,4.1.1.39 (67%);5.3.1.6 (33%),Ribulose-bisphosphate carboxylase (67%);Ribose-5-phosphate isomerase (33%),GO:0009507 (80%),chloroplast (80%),GO:0016984 (40%);GO:0004497 (20%);GO:0004751 (20%),ribulose-bisphosphate carboxylase activity (40%);monooxygenase activity (20%);ribose-5-phosphate isomerase activity (20%),GO:0009052 (20%);GO:0019253 (20%),pentose-phosphate shunt, non-oxidative branch (20%);reductive pentose-phosphate cycle (20%),,
FASLPSKGL,,,,,,,,,,,,,,,,,,,,,,,,,,,,,,,,,,,,,,,
FLTNRPA,,,,,,,,,,,,,,,,,,,,,,,,,,,,,,,,,,,,,,,
DDFDEETK,,,,,,,,,,,,,,,,,,,,,,,,,,,,,,,,,,,,,,,
GLHLPGNLDTA,,,,,,,,,,,,,,,,,,,,,,,,,,,,,,,,,,,,,,,
ETDPLRDPNN,,,,,,,,,,,,,,,,,,,,,,,,,,,,,,,,,,,,,,,
GESDREAGDF,,,,,,,,,,,,,,,,,,,,,,,,,,,,,,,,,,,,,,,
DDFDEETKL,,,,,,,,,,,,,,,,,,,,,,,,,,,,,,,,,,,,,,,
DLWKDLS,,,,,,,,,,,,,,,,,,,,,,,,,,,,,,,,,,,,,,,
LVGPLAGKT,,,,,,,,,,,,,,,,,,,,,,,,,,,,,,,,,,,,,,,
EWTDDPHPR,,,,,,,,,,,,,,,,,,,,,,,,,,,,,,,,,,,,,,,
YDFLPGK,,,,,,,,,,,,,,,,,,,,,,,,,,,,,,,,,,,,,,,
NLDPNVGGF,,,,,,,,,,,,,,,,,,,,,,,,,,,,,,,,,,,,,,,
GGTLGHPDGLQ,,,,,,,,,,,,,,,,,,,,,,,,,,,,,,,,,,,,,,,
GGGTLGHPD,,,,,,,,,,,,,,,,,,,,,,,,,,,,,,,,,,,,,,,
LGPGLGQGNAA,,,,,,,,,,,,,,,,,,,,,,,,,,,,,,,,,,,,,,,
QELEDLTK,root,,,,,,,,,,,,,,,,,,,,,,,,,,,,,,,GO:0016021 (99%);GO:0009535 (98%);GO:0009539 (96%),integral component of membrane (99%);chloroplast thylakoid membrane (98%);photosystem II reaction center (96%),GO:0005506 (97%);GO:0009055 (97%);GO:0020037 (97%),iron ion binding (97%);electron transfer activity (97%);heme binding (97%),GO:0009767 (97%);GO:0015979 (2%),photosynthetic electron transport chain (97%);photosynthesis (2%),IPR006217 (99%);IPR013081 (99%);IPR013082 (99%),Photosystem II cytochrome b559, alpha subunit (99%);Photosystem II cytochrome b559, N-terminal (99%);Photosystem II cytochrome b559, alpha subunit, lumenal region (99%)
MRDVPGTGN,,,,,,,,,,,,,,,,,,,,,,,,,,,,,,,,,,,,,,,
LGHPDGLQA,,,,,,,,,,,,,,,,,,,,,,,,,,,,,,,,,,,,,,,
VGLPPVDPDLYKD,,,,,,,,,,,,,,,,,,,,,,,,,,,,,,,,,,,,,,,
HLFPETM,,,,,,,,,,,,,,,,,,,,,,,,,,,,,,,,,,,,,,,
YRVDPVPN,,,,,,,,,,,,,,,,,,,,,,,,,,,,,,,,,,,,,,,
TEAPQNPK,,,,,,,,,,,,,,,,,,,,,,,,,,,,,,,,,,,,,,,
WTDDPHPRNN,,,,,,,,,,,,,,,,,,,,,,,,,,,,,,,,,,,,,,,
VLEDDFVK,Flavobacteriaceae,Bacteria,,,,Bacteroidetes,,,Flavobacteriia,,,,Flavobacteriales,,,,,Flavobacteriaceae,,,,,,,,,,,,,,,,GO:0008168 (100%),methyltransferase activity (100%),GO:0032259 (100%),methylation (100%),IPR013216 (100%);IPR029063 (100%),Methyltransferase type 11 (100%);S-adenosyl-L-methionine-dependent methyltransferase (100%)
GDFEFGK,root,,,,,,,,,,,,,,,,,,,,,,,,,,,,,,,GO:0005737 (100%),cytoplasm (100%),GO:0003723 (100%);GO:0004349 (100%);GO:0005524 (100%),RNA binding (100%);glutamate 5-kinase activity (100%);ATP binding (100%),GO:0006561 (100%),proline biosynthetic process (100%),IPR001048 (100%);IPR001057 (100%);IPR002478 (100%),Aspartate/glutamate/uridylate kinase (100%);Glutamate/acetylglutamate kinase (100%);PUA domain (100%)
AAHLPDDG,,,,,,,,,,,,,,,,,,,,,,,,,,,,,,,,,,,,,,,
SDLNNPPPRPDLP,,,,,,,,,,,,,,,,,,,,,,,,,,,,,,,,,,,,,,,
WEFPDPNQE,,,,,,,,,,,,,,,,,,,,,,,,,,,,,,,,,,,,,,,
TPQPGVDPVEA,,,,,,,,,,,,,,,,,,,,,,,,,,,,,,,,,,,,,,,
KPSDPEEF,,,,,,,,,,,,,,,,,,,,,,,,,,,,,,,,,,,,,,,
MKDVTGE,,,,,,,,,,,,,,,,,,,,,,,,,,,,,,,,,,,,,,,
NGRPLEA,,,,,,,,,,,,,,,,,,,,,,,,,,,,,,,,,,,,,,,
PDLPLLGH,,,,,,,,,,,,,,,,,,,,,,,,,,,,,,,,,,,,,,,
KDVTGEGEF,,,,,,,,,,,,,,,,,,,,,,,,,,,,,,,,,,,,,,,
EVELKVPYDVN,,,,,,,,,,,,,,,,,,,,,,,,,,,,,,,,,,,,,,,
DLLDEAASSLR,,,,,,,,,,,,,,,,,,,,,,,,,,,,,,,,,,,,,,,
LTDQQLEKQ,,,,,,,,,,,,,,,,,,,,,,,,,,,,,,,,,,,,,,,
NNPVLLGEPG,root,,,,,,,,,,,,,,,,,,,,,,,,,,,,,,,,,GO:0005524 (17%);GO:0008233 (17%),ATP binding (17%);peptidase activity (17%),GO:0019538 (83%),protein metabolic process (83%),IPR004176 (100%);IPR027417 (100%);IPR036628 (100%),Clp, N-terminal (100%);P-loop containing nucleoside triphosphate hydrolase (100%);Clp, N-terminal domain superfamily (100%)
TDQQLEKQ,,,,,,,,,,,,,,,,,,,,,,,,,,,,,,,,,,,,,,,
LVGGEGPEPMP,,,,,,,,,,,,,,,,,,,,,,,,,,,,,,,,,,,,,,,
MPEEDPKTDY,,,,,,,,,,,,,,,,,,,,,,,,,,,,,,,,,,,,,,,
VGDPFKDTS,Bacteria,Bacteria,,,,,,,,,,,,,,,,,,,,,,,,,,,,,,GO:0016021 (100%),integral component of membrane (100%),GO:0004427 (100%);GO:0009678 (100%),inorganic diphosphatase activity (100%);pyrophosphate hydrolysis-driven proton transmembrane transporter activity (100%),,,,
LDRTEGAGR,root,,,,,,,,,,,,,,,,,,,,,,,,,,,,,4.1.1.39 (100%),Ribulose-bisphosphate carboxylase (100%),GO:0009507 (100%),chloroplast (100%),GO:0016984 (20%),ribulose-bisphosphate carboxylase activity (20%),,,,
LGGSLPLVGEM,,,,,,,,,,,,,,,,,,,,,,,,,,,,,,,,,,,,,,,
MRDVPGTGNEF,,,,,,,,,,,,,,,,,,,,,,,,,,,,,,,,,,,,,,,
DQPHENF,,,,,,,,,,,,,,,,,,,,,,,,,,,,,,,,,,,,,,,
TGPAGKVM,,,,,,,,,,,,,,,,,,,,,,,,,,,,,,,,,,,,,,,
AALGPGLGQ,,,,,,,,,,,,,,,,,,,,,,,,,,,,,,,,,,,,,,,
LDDADQERFD,,,,,,,,,,,,,,,,,,,,,,,,,,,,,,,,,,,,,,,
VDAPGHKD,,,,,,,,,,,,,,,,,,,,,,,,,,,,,,,,,,,,,,,
DFGKPDLGDKEE,,,,,,,,,,,,,,,,,,,,,,,,,,,,,,,,,,,,,,,
DNDPSAPPH,,,,,,,,,,,,,,,,,,,,,,,,,,,,,,,,,,,,,,,
TLGHPDGLQ,,,,,,,,,,,,,,,,,,,,,,,,,,,,,,,,,,,,,,,