Accession ID,Protein sequence
Thalassiosira_weissflogii_0201746798,MDMKHNIRSMSVIAHVDHGKTTLTDSLVQKAGIISSKAAGGARYTDTRKDEAERGITIKSTGISMFFEYDIKAGEVAGLSAEEEAANMKALHDKQEADANVQITENSYLINLIDSPGHVDFSSEVTAALRVTDGALVVVDTIDGVCVQTETVLRQAISERVKPVLMVNKVDRALLELQLPAEELYQAFCRAIESVNVIVAMYNDEALGDIQVDPTKGSVAFGSGLHQWAFTLKRFAKTYGAKFNVPEDKMMSKLWGDWYFDATRKVWTSSNKEGNLERAFCQFIATPITTLFEAIMAEKHGKVNKMLKAIGVELKSDEKELVGKALLKRVMQKWLPAGDTVLEMIVLHLPSPAKAQKYRVDTLYNGPLDDATATAIRNCDTSEGAPLCMYISKMVPTSDKGRFYGFGRVFSGKIATGQKVRILGPNYVAGKKTELWVKNIQRTVIMMGRYTEQVADVPAGNTCALVGVDQYLLKSGTIVTAEDAHTIKTMKFSVSPVVRCAVEPKNSADLPKLVEGMKRLAKSDPMVLCYTEESGEHIIAASGELHLEICLQDLQQDFMGTEVKVSDPVVSFRETCAAKSNQTCLAKSANKHNRLFVEADSLGAELCTAIDDGDIFAGAEAKTQGRKLADDFGWDVSEARKIWAFGPEGTGPNLFVDTTKGVNYLLEIKESVVGGFAWATQNGPLCEEQMRGCRFNLMDVVLHADAIHRGMGQIMPTARRVCFSSLMTAEPGLLEPVYLCNISVPQDAMGNVYGVLTQRRGHVFSEEQRPGTPQMTLLAYLPVMESFGFTADLRSNTGGKAFPQCSFDHWEPMSGAVYGGGKVAETILAVRARKGLKDGIPEISQYLDKL
Thalassiosira_weissflogii_0201769984,MADAATEVDKMAALATAANEARTHSRNITPCEXLTTDQEMHQQSIIFSLINLSASRSQYLARRIHYNAPTYLKMKFSMLAVAATAFAAGVNGFSAAPRASFGIRQASSLKMADAATEVDKMAALATAANEARGLAMDSIAAAHSGHMGLPLGCAEIGATLYGSQMQYNPKDTTWINRDRFILSAGHGSMFLYSWLNLAGFDLSIDELKNFRQHHSQTPGHPEFPNSEHTTPGIECTTGPLGAGVSNAVGFAVSEKMAAARYNTDEHKIFDHHIFALAGDGCFQEGVSAESACFAAHEKLDNLIVLYDSNEVTLDKMAEYTQSEDIIKRYEAYGWETYEIDGHDLAVVEETIAAAKASNNGKPKFIKCNTIIGKGMEETEGTNAAHGEAGVPYVDKARAAIGLPEEKWFVSEGTRDFFKGVQEKNAKIYADWQATYSAWKEAHPEKAAELEAAVNDDVMPAEEMIKVIPEMGTDAEATRVSGFKVIQEIAKAVPNYISGSADLHGSTRNYINDGGNFGAGFDKSYAGKNLYFGIREHAMGAILNGIAYHGIFKASGSTFLVFVDYFRPTIRVASLAELNRVSYILTHDSIGVGEDGPTHQPVETVSGLRVIPNLDVFRPSDAEETVAAYVSSVTRKEGPTALILSRQNLAQNNDVPAHERREGALKGAYIAKKETADLDLIIIATGSEVQHALAAAKDMPGARVVSMPCMELYERQSDDYKESVLPSTCTKRIAMEAGVSAPWYKYASKVVGVDRFGFSAPGDIVMKELGMSAENLASEIATMN
Thalassiosira_weissflogii_0203598492,MADAATEVDKMAALATAANPDDALKEHHXLVNIDDRSRDAPTKHYLFIDQSFRVKVTISRKANPLQRPNLSQDEILMLAVAATAFAAGVNGFSAAPRASFGIRQTSSLKMADAATEVDKMAALATAANEARGLAMDSIAAAHSGHMGLPLGCAEIGATLYGSQMQYNPKDTTWINRDRFILSAGHGSMFLYSWLNLAGFDLSIDELKNFRQHHSQTPGHPEFPNSEHTTPGIECTTGPLGAGVSNAVGFAVSEKMAAARYNTDEHKIFDHHIFALAGDGCFQEGVSAESACFAAHEKLDNLIVLYDSNEVTLDKMAEYTQSEDIIKRYEAYGWETYEIDGHDLAVVEETIAAAKASNNGKPKFIKCNTIIGKGMEETEGTNAAHGEAGVPYVDKARAAIGLPEEKWFVSEGTRDFFKGVQEKNAKIYADWQATYSAWKEANPEKAAELEAAVNDDVMPAEEMMKVIPEMGTDAEATRVSGFKVIQEIAKAVPNYISGSADLHGSTRNYINDGGNFGAGFDKSYAGKNLYFGIREHAMGAILNGIAYHGIFKASGSTFLVFVDYFRPTIRVASLAELNRVSYILTHDSIGVGEDGPTHQPVETVSGLRVIPNLDVFRPSDAEETVAAYVSSVTRKEGPTALILSRQNLAQNNDVPAHERREGALKGAYIAKKETADLDLIIIATGSEVQHALAAAKDMPGARVVSMPCMELYERQSDDYKESVLPSTCTKRIAMEAGVSAPWYKYASKVVGVDRFGFSAPGDIVMKELGMSAENLASEIATMN
Thalassiosira_weissflogii_0203086342,MTTATAIIISAAVLGMVWALVQFLVISRIPVKSEGVSDSTGLVSGSNDEATTRRLTEIYNAIYEGAESFLRAEYIICAYFIAVFSVVIFVLVAWGTGWDLARGLFTALSFILGACTSIVSGYLGMKVAVYSNVRTTVSAQKSGWTACFNTAFRAGAVMGFALCGLGIFMLYVSLLAFRVHYPAPEDWIYLTECLTGYGLGGSSIAMFGRVGGGIYTKAADVGADLVGKVVHGIPEDDPRNPATIADNVGDNVGDVAGMGSDLFGSFAESTCAALVLGSSIGLSGGWDAMVFPVAVSAVGIFVCLLCSFIATDIHPVKAEKDVESALKIQLISTTLLMIPAVYLAAETFLPGEFMLKATVGNDVLTLHPWQAFLCVIMGAVGGLIIGLITEYYTSHSYKPVRELADSCKTGAATNMIYGIALGYKSAIIPVLVLALVVYGSFTICDMYGVSLAAIGFLSNLATGLTIDVYGPVCDNAGGIAEMAELEPYVREKTDALDAAGNTTAAIGKGFAIGSAALVSLALFGAFVTRIRHSSNDELFQDGVNMLQPLTFAFLIIGGMIPFAFAAMTMKSVGVAAMQMVLEVQRQFDEKPHLLDANPTERPDYDACIAISTKASLKEMVPPGAMVIFTPLLTGIFFGVYAVSGLLVGSLIASVQLAVSMSNSGGAWDNAKKYIEKASPDSDLKGKGSDIHKAAVVGDTVGDPFKDTSGPALNIVMKLMAVLSLVFADTFYATNGGAGVFQL
Thalassiosira_weissflogii_0203350350,XSLFSPSSLFDNMKITIASLAALFVATEAFHTAPIGRTSTRINMIVKGDEKASEKVAKVFEGKPAENSEFDALVKANFPGAMSNKELETKVVSVLEGKGFKPSNTLLATSLCADELARVLEDDFVKVYGNNFNLGGLSGFPFAGNTGFGAMANDLSWEDRDWIKLSSNRSESIQLNCHSSHTTLRSTLLHISIIISTPQRFTMKFFVASVALLFSAAEAFHTAPIGRTSTRTNMIVKGDEKGSEKVAKVFEGKPAENSEFDALVKANFPGAISNKQLATKVVSVLEGKGYTPGNTLLATSLCADELARVLEDDFVKVYGNNFNLGGLSGFPFAGNTGFGAMAAHIPDDGYCLVVHGPHVGITKDGLIGKVERPGIALVDNCCGSAIAASNYLKGITDGGAKITTKLQSFSDFQQGAVQELILPFGKRLGEAENRMKELPYALYDSQDILVRDIINTGKGGIKKGLALLGGIQINTGPDTLDYFHPLRFEYYNEDGEMVEDLLALHFVKVYGNNFNLGGLSGFPFAGNTGFGAMAAHVPDDGYCLLVHGPHVGITKDGLIGKVERPGIALVDNCCGSAIAASKYLKGITDGGAKITTKLQSFTDFQQGAVQELILPFGKRLNDCEDRMKELPYALYDSQDILVRDIINTGAGGIKKGLALLGGIQINTGPDTLDYFHPLRFDLYDENGKVVDDLLPLIV
Thalassiosira_weissflogii_0203399598,MLGRNAVALSLASLLQGAQGFYLPGVNPYSFAEGEAVKLKVNKMTSQKTLLPVDYYRLPFCQPEGGPKMDHENLGEFLAGDRIESSPYRLNMKVDMFCEQLCITNLGRGEQKGVSPNKMVRAIRKNYHNNWIVDNIPAASKVEDDSTVTTRYWQGFPVGFIATDTKKAYVHNHVNIEIQYHAVETEPNKARIVRFTVEPFSIKHDFEASADDDDDATEGTDKPFKVADIQNPIESCNPKLPSKEHTRYEMVYARGREPQPASGRVLFTYDVIWTENKELHWASRWDVYLSMDNAIPAKVHWLSIANSLVIVIVLSAMIAAILVRNLRRDFSRYNRLATDEEKAEDLEEFGWKLVHADVFRPPSFSPLLLAVCCGTGAQLLCMAVLTIVFSAMGFLSPANRGALIMAQLLLYVLMGSVAGYVTARFYKTFKGKSWQKATAAVAFGFPGMAFAMFIIMNIVALSQGSSDAVPATTMVVLLVLWFGISLPLVFFGAYFGYKQDAIEFPVNTSSIPRQIPDQPWFMGIPFTLLVGGILPFGACFVELYFILASVWMDQYYYVFAFLFLVFAILIITCAEITVLFCYFQLCGENYHWWWRSFTTAGSTGLYVFLYSFVYFKQLEANQLATYVLYFGYMGMASFALFLMTGFVGVTTCLVFNKTIFGSIKID
Thalassiosira_weissflogii_0203217746,XRNEMIPFRYLIKARNRAAVRLLGTAAPNPSRGAASPKPLSSSKYGAAAAALLAATATGGAIALAESKKVDSKYRKLPKQKYPSPETPPIHPKESHHSDLNNPPPRPDLPTIPLEEVEQHNDEESMWYTFRGGVYDLTFFINGHPGGTPRLLMAAGQDLEPYWEVYRQHLRGHVVQWMEKYRIGNLSEEDAKKAVKGITFGDMFETDPIRDPNNLACTEKPFCGEPRIDLLTENYITPNELFYVRNHLAVPDIDPDEYVLIVKGKGIKKHKFTLEDLKTKFPKHEVVTTLQCAGNRREDLHNNEHQIFIAPHWVVGAISNAKWGGVKIRDVLQYCGMDVDAMSLGKLEDPKIKHLQFESYDTDETGFCYGNSIPIESAVDALGEAMFAFEMNDEPLPRDHGFPVRVIAPGHVGNCQAKWLHKVIVSDKESSKPWKQKSYRGFAPDINFEEDLSHWPPKRLDQAPIALFQPVTSLVCNPPQNSLMGAKDLSEITVKGVAWSGGGRGIERVDVSIDGGKSWTAAELYKPVEQKMNRQWAWTQFSKTLKLPEEVRERLARGEQVSLDITSKAMNSDFNLQPETMEPYWNARGVCINHWYHVKTKLDPNREPNSIQHDNSEIEFANTPSGGKFAQPWDAHGFTTDPKHQTNPRAHIEPEASHF
Thalassiosira_weissflogii_0201855056,XIKARNRAAVRLLGTAAPNPSRGAASPKPLSSSKYGAAAAALLAATATGGAIALAESKKVDSKYRKLPKQKYPSPETPPIHPKESHHSDLNNPPPRPDLPTIPLEEVEQHNDEESMWYTFRGGVYDLTFFINGHPGGTPRLLMAAGQDLEPYWEVYRQHLRGHVVQWMEKYRIGNLSEEDAKKAVKGITFGDMFETDPIRDPNNLACTEKPFCGEPRIDLLTENYITPNELFYVRNHLAVPDIDPDEYVLIVKGKGIKKHKFTLEDLKTKFPKHEVVTTLQCAGNRREDLHNNEHQIFIAPHWVVGAISNAKWGGVKIRDVLQYCGMDVDAMSLGKLEDPKIKHLQFESYDTDETGFCYGNSIPIESAVDALGEAMFAFEMNDEPLPRDHGFPVRVIAPGHVGNCQAKWLHKVIVSDKESSKPWKQKSYRGFAPDINFEEDLSHWPPKRLDQAPIALFQPVTSLVCNPPQNSLMGAKDLSEITVKGVAWSGGGRGIERVDVSIDGGKSWTAAELYKPVEQKMNRQWAWTQFSKTLKLPEEVRERLARGEQVSLDITSKAMNSDFNLQPETMEPYWNARGVCINHWYHVKTKLDPNREPNSIQHDNSEIEFANTPSGGKFAQPWDAHGFTTDPKHQTNPRAHIELKLPISEIDGIGP
Thalassiosira_weissflogii_0203169094,XISIIDLSVKTFGIESPESPDTIRNQTQLNQNVVSSRMTYGRFLEYLEMGWVKQVDLYDNSRNAIVQASSPELGNRPQTIRVEIPVGASQLIQKLKEYNIDFDAHPAEQKNLFVTVASNLLLPLVFIAGLVYFFQNSESFGGGSGQSPLSLGKSTARFERRPDTGVNFNDIAGIDEAKAEFEEIVSFLKEPEKYTVVGAKIPKGILLVGPPGTGKTLLAKAIANEADVPFFSVAGSEFVEMFIGIGAARVRDLFQKASENAPCIVFIDEIDAVGRERGAGVGGGNDEREQTLNQLLTEMDGFKENKGVIVVGATNRVDILDAALLRPGRFDRQVTVNLPDRLGRISILKVHAKNKPLGEDVSLVQLANRTPGFSGADLANLLNEAAILATRYKKTTISKNEVNQAIDRIIGGIAGTPMEDSKKKXXXXXXXXXXXPMEDSKNKKLIAYHEVGHAITGTVLQSHDEVEKITITPRGAAKGLTWFTPEEDQTLISRSALLARIIGTLGGRAAEQVIFGDPEVTTGASSDLQQVTNLARQMVTRFGMSNIGPIALEDESNGQVFLGGMTQDSEYPESIADRIDDEVCKIINYCEQKALQIILDNRVIIDLVIEKLLDVETMEGDE
Thalassiosira_weissflogii_0203475706,MKITIASLAALFVATEAFHTAPIGRTSTRINMIVKGDEKASEKVAKVFEGKPAENSEFDALVKANFPGAMSNKELETKVVSVLEGKGFKPSNTLLATSLCADELARVLEDDFVKVYGNNFNLGGLSGDDVLVRSSTPSSVGMNDLSWEDRDWIKLSSNRSESIQLNCHSSHTTLRSTLLHISIIISTPQRFTMKFFVASVALLFSAAEAFHTAPIGRTSTRTNMIVKGDEKGSEKVAKVFEGKPAENSEFDALVKANFPGAISNKQLATKVVSVLEGKGYTPGNTLLATSLCADELARVLEDDFVKVYGNNFNLGGLSGFPFAGNTGFGAMAAHIPDDGYCLLVHGPHVGITKDGLIGKVERPGIALVDNCCGSAIAASKYLKGITDGGAKITTKLQSFTDFQQGAVQELILPFGKRLGEAENRMKELPYALYDSQDILVRDIINTGKGGIKKGLALLGGIQINTGPDTLDYFHPLRFEYYNEACCGSAIAASKYLKGITDGGAKITTKLQSFTDFQQGAVQELILPFGKRLNDCEDRMKELPYALYDSQDILVRDIINTGAGGIKKGLALLGGIQINTGPDTLDYFHPLRFDLYDENGKVVDDLLPLIV
Thalassiosira_weissflogii_0203107868,MGWVKQVDLYDNSRNAIVQASSPELGNRPQTIRVEIPVGASQLIQKLKEYNIDFDAHPAEQKNLFVTVASNLLLPLVFIAXXXXXXXXXXXXXXXXXLPLVFIAGLVYFFQNSESFGGGSGQSPLSLGKSTARFERRPDTGVNFNDIAGIDEAKAEFEEIVSFLKEPEKYTVVGAKIPKGILLVGPPGTGKTLLAKAIANEADVPFFSVAGSEFVEMFIGIGAARVRDLFQKASENAPCIVFIDEIDAVGRERGAGVGGGNDEREQTLNQLLTEMDGFKENKGVIVVGATNRVDILDAALLRPGRFDRQVTVNLPDRLGRISILKVHAKNKPLGEDVSLVQLANRTPGFSGADLANLLNEAAILATRYKKTTISKNEVNQAIDRIIGGIAGTPMEDSKNKKLIAYHEVGHAITGTVLQSHDEVEKITITPRGAAKGLTWFTPEEDQTLISRSALLARIIGTLGGRAAEQVIFGDPEVTTGASSDLQQVTNLARQMVTRFGMSNIGPIALEDESNGQVFLGGMTQDSEYPESIADRIDDEVCKIINYCEQKALQIILDNRVIIDLVIEKLLDVETMEGDEFRELLSTYTVLPNKKA
Thalassiosira_weissflogii_0203323600,MGWVKQVDLYDNSRNAIVQASSPELGNRPQTIRVEIPVGASQLIQKLKEYNIDFDAHPAEQKNLFVTVASNLLLPLVFIAGLVYFFQNSESFGGGSGQSPLSLGKSTARFERRPDTGVNFNDIAGIDEAKAEFEEIVSFLKEPEKYTVVGAKIPKGILLVGPPGTGKTLLAKAIANEADVPFFSVAGSEFVEMFIGIGAARVRDLFQKASENAPCIVFIDEIDAVGRERGAGVGGGNDEREQTLNQLLTEMDGFKENKGVIVVGATNRVDILDAALLRPGRFDRQVTVNLPXXXXXXXXXXXXXRQVTVNLPDRLGRISILKVHAKNKPLGEDVSLVQLANRTPGFSGADLANLLNEAAILATRYKKTTISKNEVNQAIDRIIGGIAGTPMEDSKNKKLIAYHEVGHAITGTVLQSHDEVEKITITPRGAAKGLTWFTPEEDQTLISRSALLARIIGTLGGRAAEQVIFGDPEVTTGASSDLQQVTNLARQMVTRFGMSNIGPIALEDESNGQVFLGGMTQDSEYPESIADRIDDEVCKIINYCEQKALQIILDNRVIIDLVIEKLLDVETMEGDEFX
Thalassiosira_weissflogii_0203261152,LFSPSSLFDNMKITIASLAALFVATEAFHTAPIGRTSTRINMIVKGDEKASEKVAKVFEGKPAENSEFDALVKANFPGAMSNKELETKVVSVLEGKGFKPSNTLLATSLCADELARVLEDDFVKVYGNNFNLGGLSGFPFAGNTGFGAARMMMMMCWLEVCTPSSVGMNDLSWEDRDWIKLSSNRSESIQLNCHSSHTTLRSTLLHISIIISTPQRFTMKFFVASVALLFSAAEAFHTAPIGRTSTRTNMIVKGDEKGSEKVAKVFEGKPAENSEFDALVKANFPGAISNKQLATKVVSVLEGKGYTPGNTLLATSLCADELARVLEDDFVKVYGNNFNLGGLSGFPFAGNTGFGAMAAHIPDDGYCLVVHGPHVGITKDGLIGKVERPGIALVDNCCGSAIAASKYLKGITDGGAKITTKLQSFSDFQQGAVQELILPFGKRLGEAENRMKELPYALYDSQDILVRDIINTGKGGIKKGLALLGGIQINTGPDTLDYFHPLRFEYYNEDGEMVEDLLALL
Thalassiosira_weissflogii_0203232500,XSSLFDNMKITIASLAALFVATEAFHTAPIGRTSTRINMIVKGDEKASEKVAKVFEGKPAENSEFDALVKANFPGAMSNKELETKVVSVLEGKGFKPSNTLLATSLCADELARVLEDDFVKVYGNNFNLGGLSGFPFAGNTGFGAMAAHIPDDGVGMNDLSWEDRDWIKLSSNRSESIQLNCHSSHTTLRSTLLHISIIISTPQRFTMKFFVASVALLFSAAEAFHTAPIGRTSTRTNMIVKGDEKGSEKVAKVFEGKPAENSEFDALVKANFPGAISNKQLATKVVSVLEGKGYTPGNTLLATSLCADELARVLEDDFVKVYGNNFNLGGLSGFPFAGNTGFGAMAAHVPDDGYCLVVHGPHVGITKDGLIGKVERPGIALVDNCCGSAIAASKYLKGITDGGAKITTKLQSFSDFQQGAVQELILPFGKRLGEAENRMKELPYALYDSQDILVRDIINTGKGGIKKGLALLGGIQINTGPDTLDYFHPLRFEYYNEDGEMVEDLLALL
Thalassiosira_weissflogii_0201829370,MKITIASLAALFVATEAFHTAPIGRTSTRINMIVKGDEKASEKVAKVFEGKPAENSEFDALVKANFPGAMSNKELETKVVSVLEGKGFKPSNTLLATSLCADELARVLEDDFVKVYGNNFNLGGLSGFPFAGNTDDDDVLVRSSTPSSVGMNDLSWEDRDWIKLSSNRSESIQLNCHSSHTTLRSTLLHISIIISTPQRFTMKFFVASVALLFSAAEAFHTAPIGRTSTRTNMIVKGDEKGSEKVAKVFEGKPAENSEFDALVKANFPGAISNKQLATKVVSVLEGKGYTPGNTLLATSLCADELARVLEDDFVKVYGNNFNLGGLSGFPFAGNTGFGAMAAHIPDDGYCLVVHGPHVGITKDGLIGKVERPGIALVDNCCGSAIAASNYLKGITDGGAKITTKLQSFSDFQQGAVQELILPFGKRLGEAENRMKELPYALYDSQDILVRDIINTGKGGIKKGLALLGGIQINTGPDTLDYFHPLRFEYYNEDGEMVEDLLALL
Thalassiosira_weissflogii_0203628558,MSKEHLSVVVCGHVDAGKSTTCGHLIFKQGGISQREMDKLQAMAEERGKSSFGFAYYLDTCKEERERGVTIQCNTKEFFTEKYHYTIVDAPGHKDYIKNMITGSATADVGLLLVPAEKGGFEAAIAKADPKLGVEEGQTRQHARLLYLLGVEQIIVGINKMDACNWSEDRFNEIKDEFVKMLQLIGFKPKKVPFIPYSGFNGDNLVEKSDKAPWYKGWEANTNPKTKITGFTIVEALNNFIQPPKREPTLPVRLPISNIYNIKGVGQIICGTVEQGTLRPGDVIGITPTGLXGTLRPGDVIAISNIYNIKGVGQIICGTVEQGTLRPGDVIGIPPTGLKDKKVFSIEQHKKQLEAAAPGDSVGLSIKGIGKDEKVNPGDIIYVQKEGELLPVKSFTALVAVQEHPGVLKPGYAPVVFCRTAKVACKMTKILWKMGKKTGGAKVDNPPELSQYENAEVEFVPSQPLFVEPFEKCAALGRIAVMDSNRLKMLGKVPSTSHS
Thalassiosira_weissflogii_0203566486,MSKEHLSVVVCGHVDAGKSTTCGHLIFKQGGISQREMDKLQAMAEERGKSSFGFAYYLDTCKEERERGVTIQCNTKEFFTEKYHYTIVDAPGHKDYIKNMITGSATADVGLLLVPAEKGGFEAAIAKADPKLGVEEGQTRQHARLLYLLGVEQIIVGINKMDACNWSEDRFNEIKDEFVKMLQLIGFKPKKVPFIPQDGRLQLAEDRFNEINDEFVKMLQLIGFKPKKVPFIPYSGFNGDNLVEKSDKAPWYKGWEANTNPKTKITGFTIVEALNNFIQPPKREPTLPVRLPISNIYNIKGVGQIICGTVEQGTLRPGDVIGITPTGLKDKKVFSIEQHKKQLEAAAPGDSVGLSIKGIGKDEKVNPGDIIYVQKEGELLPVKSFTALVAVQEHPGVLKPGYAPVVFCRTAKVACKMTKILWKMGKKTGGAKVDNPPELSQYENAEVEFVPSQPLFVEPFEKCAALGRIAVMDSNRLKMLGKVTSTSHS
Thalassiosira_weissflogii_0171383444,XTRIKSDRYESGVIPYAKMGYWDAAYTVKDTDVLALFRITPQPGVDPVEAAAAVAGESSTATWTVVWTDLLTACERYRAKAYRVDPVPNATDQYFAFIAYECDLFEEGSLANLTASIIGNVFGFKAISALRLEDMRIPHSYLKTFQGPATGIIVERERLNKYGIPLLGATVKPKLGLSGKNYGRVVYEGLKGGLDFLKDDENINSQPFMRWRERFLNCLEGINRASAATGEVKGSYLNVTAATMEEVYKRAEYAKLIGSVIIMIDLVMGYTAIQSIAYWARENDMLLHLHRAGNSTYARQKNHGINFRVICKWMRMSGVDHIHAGTVVGKLEGDPLMIKGFYDILRLTELEVNLPYGIFFEMDWASLRRCMPVASGGIHCGQMHQLVHYLGDDVVLQFGGGTIGHPDGIQAGATANRVALEAMVLARNEGQDYFNNQVGPQILRDAAKTCGPLQTALDLWKDISFNYTSTDTADFAETATANR
Thalassiosira_weissflogii_0203261572,MTTSTFNATSQTRRSPAGNLDTWMFEFQFLNFRLPDDLSNSHRFSLLSRRTSLSVKQDFLEAEPYYDQSTIPVNVYKNKAPFTGKVVSTKRIVGPKATGETCHIIIDHNGDSLSSSTALPTFQPKLESSHHRKSQYLSTPVIMKVAILAATLASASAFVPQTAPKFGTSLSVKQDFLEAEPYYDQSTIPVNVYKNKAPFTGKVVSTKRIVGPKATGETCHIIIDHNGDFPYWEGQSWGVIPPGTREKDGKPHAVRLYSIASSRYGDDMTGKTGSLCVRRATYWCPELQAEDPAKKGICSNFLCDTQPGAEVSMTGPAGKVMLMPEEDPDTDYIMVATGTGIAPFRGFVRRLFFEDTPAANAYKGEAWLFLGVANSDALLYDDEFQDAKARFPDNFRLDYALSREQENKKGGKMYIQDKVEEYADEVFNKLDNGAHIYFCGLKGMMPGIQDMLAEVCKSKGLDYDEWIKGLKAKKQWHVEVY
Thalassiosira_weissflogii_0203627594,MTTSTFNATSQTRRSPAGNLDTWMFEFQFLNFRLPDDLSNSHRFSLLSRRTSLSVKQDFLEAEPYYDQSTIPVNVYKNKAPVLRRLLSLAPSLSLNIRHRPCKNYHTHIFFHRPSHFPTKVRIVTPPQISIPFTPVIMKVAILAATLASASAFVPQTAPKFGTSLSVKQDFLEAEPYYDQSTIPVNVYKNKAPFTGKVVSTKRIVGPKATGETCHIIIDHNGDFPYWEGQSWGVIPPGTREKDGKPHAVRLYSIASSRYGDDMTGKTGSLCVRRATYWCPELQAEDPAKKGICSNFLCDTQPGAEVSMTGPAGKVMLMPEEDPDTDYIMVATGTGIAPFRGFVRRLFFEDTPAANAYKGEAWLFLGVANSDALLYDDEFQDAKARFPDNFRLDYALSREQENKKGGKMYIQDKVEEYADEVFNKLDNGAHIYFCGLKGMMPGIQDMLAEVCKSKGLDYEEWIKGLKAKKQWHVEVY
Thalassiosira_weissflogii_0203211260,MASGCPGDIRTARPVPPGKLKNLNFLHDISLTIRSSFDRRSHRKFEAPRSGNLGFLPKKRTKHHSGRIRSFPKDNDPSAPPHLTAFRAYKAGMTHVVRGVDRPGAVMHKREVVDAVSVLETPPMVVVGVVGYIETPRGLRTLTTVFAEHLSEEFKRRCYKNWYKSKRKAYTKYAKKYSEDGGKDIEKELERIAKFCSVVRVITHSQVKKLHLRIKKAHIMEVQINGGADAKAKVDFAKSLFEKEVTVDSVFTKDELVDVIGVTKGRGYEGVTTRWGVTRLPRKTHRGLRKVACIGSWHPARVSDTVPRAGQNGYFHRTEMNKKIYRIGKKGDNASCQTDADLTEKSITPMGGFVHYGMIREDWVMVKGAVVGVKKRPLILRKSLMKHSSRKHLESIDIRFIDTSSKLGHGRFQTAEEKAKFLGPLASKQGSS
Thalassiosira_weissflogii_0203188584,XMAKHLIAAAAALLAASAGAFTPNALPPAPTANHGSSMALGMAADEHGSKRMRALKTLAKTAGVLSTVAFTAAGLPPAAIAAKKAKEVVEVVETVDNTKKFLTAGAGVLAAGAALMKLTGGEAQQDFLEASPYWDQSNVPVNTYKNKAPFTGKVVSTKRIVGPKATGETCHIIIDHKGEFPYWEGQSWGVIPPGVREKDGKPHAVRLYSIASSRYGDDMTGKTGSLCVRRATYWCPELQADDPAKKGICSNFLCDTQPGDEVMMTGPAGKVMLMPEEDPKTDYIMVATGTGIAPFRGFIRRLFFENTPAAKAYKGQAWLFLGVANSDALLYDDEFQEAKSKFPDNFRLDYALSREQNNKKGGKMYIQDKVEEYADEIFEKLNNGAHIYFCGLKGMMPGIQDMLKSVCESKGLDYDAFIKDLKAKKQWHVEVY
Thalassiosira_weissflogii_0203473996,XGCRFEGSFERINVIIQSETISNMMKLAALAALMGSAAAFAPAQTGKASTQLRAFEDELGAQPPLGFFDPFGMLSGDCTQERFDRLRYVEIKHGRICMLAFLGQVVTRAGIHLPGSINYAGDSFDSFPNGVAALFGPNSIPTAGLVQIIAFIGVLECAFMRDVPGTGNEFVGDFRNGYIDFGWDDFDXXXFFFCRLEHLYHSCSQISFGVNEEEVINLTNMMKLAALAALMGSAAAFAPAQTGKASTQLRAFEDELGAQPPLGFFDPFGMLSGDCTQERFDRLRYVEIKHGRICMLAFLGQIVTRAGIHLPGSINYAGDSFDSFPNGVAALFGPNSIPTAGLVQIIAFIGVLECAFMRDVPGTGNEFVGDFRNGYIDFGWDDFDEETKLQKRAIELNNGRAAMMGILGLMVHEEIIPLGYDPDLPIIGHLQ
Thalassiosira_weissflogii_0201788838,MALNPHKLGVHKVLQYIPLNAIFDAPSKARLRKAVNIADLRLCAKARAHKMVFDYLDAGADDEISLRRGKDAYSELEMHFHILSGLKPPLDLSTKIFGQDVKLPFFGCPTAGNRMFHWEGESAAAKAAQHHGTLYGLSSLATTGITEIGKLTDGPKVFQLYVWKDRELVKEVLAKAKEGGFHAMALTVDFTWYGNRERDIRNDFSIPPKYSLNQIIEAIRKPAWTYDFLSHEPYTYACINTDVPADSLAAFVNSQLCPEFDWRDAEWLLGEWNMPSAVKGVCRPDDAIKAVETGFTTMWVSNHGARQLETSPATIDVLPSIREAVGPDVEIILDGGVQRGTDICKALALGADAVGVGKPYLYGLAAGGTEGVIKAYDILKTELDRAMGLLGTGTVDELKKRGPGLIKKRNGSVRDYPDRYAYERGYGGGII
Thalassiosira_weissflogii_0171354626,MSKEHLSVVVCGHVDAGKSTTCGHLIFKQGGISQREMDKLQAMAEERGKSSFGFAYYLDTCKEERERGVTIQCNTKEFFTEKYHYTIVDAPGHKDYIKNMITGSATADVGLLLVPAEKGGFEAAIAKADPKLGVEEGQTRQHARLLYLLGVEQIIVGINKMDACNWSEDRFNEIKDEFVKMLQLIGFKPKKVPFIPXXXXXXXXXXXXXXVEALNNFIQPPKREPTLPVRLPISNIYNIKGVGQIICGTVEQGTLRPGDVIGITPTGLKDKKVFSIEQHKKQLEAAAPGDSVGLSIKGIGKDEKVNPGDIIYVQKEGELLPVKSFTALVAVQEHPGVLKPGYAPVVFCRTAKVACKMTKILWKMGKKTGGAKVDNPPELSQYENAEVEFVPSQPLFVEPFEKCAALGRIAVMDSNRLKMLGKVTSTSHS
Thalassiosira_weissflogii_0201860518,MMKLAALAALMGSAAAFAPAQTGKASTQLRAFEDELGAQPPLGFFDPFGMLSGDCTQERFDRLRYVEIKHGRICMLAFLGQIVTRAGIHLPGSINYAGDSFDSFPNGVAALFGPNSIPTAGLVQIIAFIGVLECAFMRDVPGTGNEFVGDFRNGYIDFGWDDFDEETKLQKRAXIQSGTISNMMKLAALAALMGSAAAFAPAQTGKASTQLRAFEDELGAQPPLGFFDPFGMLSGDCTQERFDRLRYVEIKHGRICMLAFLGQVVTRAGIHLPGSINYAGDSFDSFPNGVAALFGPNSIPTAGLVQMIAFIGVLECAFMRDVPGTGNEFVGDFRNGYIDFGWDDFDEETKLQKRAIELNNGRAAMMGILGLMVHEEIIPLGYDPDLPIIGHLQ
Thalassiosira_weissflogii_0201862216,MKIPLFVLGLLNAADAFVAPQKCPSANTHLFMSDRYGVGVNDRARLNIDSGVGSGGAISRRRGDVLDLTEIWEDSSPVIVQGGSLRTWSFANPAIDSVQVLLKKKDGLFALAALNGAAAFVAPKGPVASTQLAMSDYRTSVRDDIGVGSGGSPLYKTGGTARDLAEIWDNSSPVIVQGGSLRTWSFANPAIESVQVLLKTEGRPLDADVELWQGPDNTPHKMRVYVEDGALRTFNAVIGTPRGPNTVAIRNIGQLEFPLDAVVRPDRDDGLAAGIASVATRSETIQGGALRTYPFNPTVDSVAIILKTDGRPLNARIELLQGPNNNKQVVELYTEDGLDRPFFAIVETPGSGNVVRVVNTAPVEFPLYASVDAYRVGGGGDWADDGLMIGRAF
Thalassiosira_weissflogii_0171449500,MSDEDDIAALVIDNGSGMCKAGFAGDDAPRSVFPSLIGRARQPGIMVGMEQRDAYVGDEAQAKRGVLTLKYPIEHGIVTNWDDMEKIWHHTFYNELRVAPEAHPVLLTEAPQNPKANRERMTQIMFETFNVPAMYVNIQAVLSLYASGRTTGCVLDSGDGVTHTVPIYEGYALPHAVVRLDLAGRDLTDYLMKILTERGYSLTTSAEREIVRDIKESLCFVAVDFEEEMKKAAESSALEKSFELPDGNIIVIGNERFRCPEVLFQPNLTGLEMDGIADSTFQTIMKCDVDIRKDLYANIVLSGGTTMFPGISERMSKEITALAPASIKVKIVAPPERKYSVWIGGSILASLSTFQSMWISKEEYDESGPSIVHRKCF
Thalassiosira_weissflogii_0171415618,MKIPLFVLGLLNAADAFVAPQKCPSANTHLFMSDRYGVGVNDRARLNIDSGVGSGGAISRRRGDVLDLTEIWEDSSPVIVQGGSLRTWSFANPAIDSVQVLLKTEGRPLEQPPISELAAAEXPLYKTGGTARDLAEIWDNSSPVIVQGGSLRTWSFANPAIESVQVLLKTEGRPLDADVELWQGPDNTPHKMRVYVEDGALRTFNAVIGTPRGPNTVAIRNIGQLEFPLDAVVRPDRDDGLAAGIASVATRSETIQGGALRTYPFNPTVDSVAIILKTDGRPLNARIELLQGPNNNKQVVELYTEDGLDRPFFAIVETPGSGNVVRVVNTAPVEFPLYASVDAYRVGGGGDWADDGLMIGRAF
Thalassiosira_weissflogii_0201860448,HQRNLKMKLAVLAALFGSAAAFAPAQTGKATSALNAFESELGAQPPLGFFDPLGLLDDADQERFDRLRYVEIKHGRIAQLAFLGNIITRAGVHLPGNIDYAGNSFDSFPNGWAAILDAAFAPAQTGKATSALNAFESELGAQPPLGFFDPLGLLDDADQERFDRLRYVEIKHGRIAQLAFLGNIITRAGVHLPGNIDYAGNSFDSFPNGWAAISGPDAISGSGLGQIVAFVGFLELFVMKDVTGEGEFVGDFRNGALDFGWDKFDAETKLSKRAIELNNGRAAMMGILGLMVHEQLGGSLPIVGEM
Thalassiosira_weissflogii_0203276752,XDVVVALGAIGTMLRTAFAKSNHKGLALAGASTLTAAATLLTTNSGSNSAQCDDDILHAPSYPWQHLGLFSSYDCAALRRGFQVYRQVCATCHSIERIHYRELVGVTHTAEQLVQMASEVDVVDGPNDEGEMFERPGKLADPLPKPYQNEEQGRLANGGALPPDLSLMVKARHSGQDYLFSLLTGYCEAPAGKAMMPGLYYNPYFPGGLIAMPPPLNDDGVEYEDGTKATISQQAKDVVEFLNWCAEPEADTRKKDALTYMTVLGITAVLTGYYKRFRWSTFKTRSITYIK
Thalassiosira_weissflogii_0171425196,SSHWALLEPLLRTAFAKSNHKGLALAGASTLTAAATLLTTNSGSNSAQCDDDILHAPSYPWQHLGLFSSYDCAALRRGFQVYRQVCATCHSIERIHYRELVGVTHTAEQLVQMASEVDVVDGPNDEGEMFERPGKLADPLPKPYQNEEQGRLANGGALPPDLSLMVKARHSGQDYLFSLLTGYCEAPAGKAMMPGLYYNPYFPGGLIAMPPPLNDDGVEYEDGTKATISQQAKDVVEFLNWCAEPEADTRKKDALTYMTVLGITAVLTGYYKRFRWSTFKTRSITYIK
Thalassiosira_weissflogii_0171348692,MATNKFFKSLLFTLTIAISSFGFCVENSFAYPVFAQQGYSNPRAANGKLACANCHLNQKAIEIEAPQGVLPNSVFEVEIKVPYDVNRQQIGADGKPADLNVGGILILPKGFKLASKAQISPEVKAKNKGVFISPYSTEFDNILIVGPIAGKTHQELIFPVVAPDPDKNQDVKYLTYPFYAGGNRGRGQVYPTGEKSNINAFGATQAGQITDITTTEKGESVITIVNSDGAKTSQTLSAGLKLLVKQSDIVKLDQPLNIDPNVGGFGQEE
Thalassiosira_weissflogii_0203356870,MMKFAVASLLAGSAAAFAPAQQCAVKTSLDAMPERMWNKMVDKNERSKAMPFLPRPINLDGSYVGDVGFDPFYLSSIDKNFAGFIQPPSWEETEGLPTLYWMREAELKHGRVAMLAWFGWLATDGAFGPVPLRFPGAVYQEVPSSFVAHDIMVSQGSLVVMLSLVGLIEFCTGAVLVEVSKGESDREAGDFKFDPLNFLKGKSKEQIDTMKLKELQNGRTAMLAFAGVVTQAGLGGTEFPYLVPYPNVADVTW
Thalassiosira_weissflogii_0203149732,XNIGVGSGGSPLYKTGGTARDLAEIWDNSSPVIVQGGSLRTWSFANPAIESVQVLLKTEGRPLDADVELWQGPDNTPHKMRVYVEDGALRTFNAVIGTPRGPNTVAIRNIGQLEFPLDAVVRPDRDDGLAAGIASVATRSETIQGGALRTYPFNPTVDSVAIILKTDGRPLNARIELLQGPNNNKQVVELYTEDGLDRPFFAIVETPGSGNVVRVVNTAPVEFPLYASVDAYRVGGGGDWADDGLMIGRAF
Thalassiosira_weissflogii_0203296644,MKFVSGLLVALAASANAFSVNTPSAVRPATSLKASTDTWDLANIGRSVRIEGMSREHWEFPDPNQEIVQVGIDSNGRPIEALIELWIGPDWTPMKVKAYTEDGMMRPVQTLIGTRNKVAAIDINNTGPGDFPLNAAACYAKPSLTAQRQDLLTANQGRYIEGGAIHSVNFDASVDQIQVLLYTDTRQLNAQVELLNGPNNFKQKYEVFTNNGLLNSLYVVFNSPGAGNVIRVTNLAPLEFPCKAFIAAA
Thalassiosira_weissflogii_0201845386,XSMGFLFLPTYSSKMKLAILSAIFGSAAAFAPSQQGRASTSINSLNGWVPDESAFAWGLPGSLAPVGNFDPLGLSTGVDLGTMKKWREAEAQHGRVAMLAAIGMLVTEEPIEYHPLFEAYNKDIGPAIRHLDEVRAVSPFFFEILVLIIGGLELNRALKGFVAPEGDFGFQELNEDYYPGDVGFDPLGLKPSDPEEFATLATKELQNGRLAMLGAAGMIAQELTNGEEIFVNLGIAQDRFDPSTLPVQF
Thalassiosira_weissflogii_0203289348,MKLAVFATLVAVAAAFAPALFETAKMDDFLYDYRISYCIKSTISKVLLSFDKMKLAVFATLVAVAAAFAPASQINQRSTALNAVGKQKLQYVPCISTDDLPAPGSATSGVAGGLAICIAVDPAGKVYALGDKCPPVNQPLSFGKVNDDGTIQDPVLGTKFSLKTGEVVGKWCPAGIGKLIGGLFDPVGVPVYPVKAKGKTVEVQVDVNYKANFEANYWSGLLDAQGKANGKYY
Thalassiosira_weissflogii_0203324490,XALAVISITNIVATMSSDEEEIDSADEEEVSVSEEEEVVVKPKKKKGKKHKDPNKPKRNMSAFFLYSNAHRQRVKDENPGIKFGDVAKILSTEFKSLKPKEAAKWQKLAEQDKERYTREMDGYSPPSDDESDDGDKKKKKKKKDPNAPKRNQSAFFLFSNYIRNDVKRRYPDAKFGEIAQIISREFKALPEHERAGWDQRAADDKERYQREMSDYNG
Thalassiosira_weissflogii_0203417438,KLSITTSSQSEPNSTQSISKMMKLAVLAAAAGSAAAFAPAQQGRLSTAVNGYENELGVIAPTGFFDPLNLSKNISQEKFDEYRTAELKHGRVCMLAVLGYIAPETYHFGYDIAPGVSTYDIPNGVAAIDYIPALGWAQIIFFIGAVDYWGVLGDFDFGKPDLGDKEEERKLQELQHGRLAMLAFLELLRHDSQNFVSPGFDGYDNMITGLPFIYGN
Thalassiosira_weissflogii_0203604662,XKMDDFLYDYRISYCIKSTISKVLLSFDKMKLAVFATLVAVAAASPQPPKSTRSTALNAVGKEKLQYVPCISTDDLPAPGSATSGVAGGLAICIAVDPAGKVYALGDKCPPVNQPLSFGNVNDDGTIQDPVLGTKFSLKTGEVVGNWCPAGIGKLIGGLFDPVGVPVYPVKAKGKTVEVQVDVNYKANFEANYWSGLLDAQGKANGKYY
Thalassiosira_weissflogii_0203172898,MMKLAALAALMGSAAAFAPAQTGKATTALNAFESELGAQPPLGFFDPLGLLDEAGQARFDRLRYVEIKHGRICQLAFLGNIITRAGIHLPGNIDTAGDSFDSYPNGFGALFGPDAIPQDGRLQILFFIGFLELFVMKDVTGQGEFVGDFRNGFIDFGWDKFDEETKLKKRAIELNNGRAAMMGILGLMVHEKLGGELPIVGPMX
Thalassiosira_weissflogii_0203399774,MASAFVPTPNALFTTSLNACQSRETTLSSPDTTEIGQMWDPLGLSELGSDETIAWFRHSEVKHGRVAMAAFVGWWAVGAGLRLPGELAYGLDFASIPSKGLEAWDAVPGWGKAQMLLFAGLIEFHDELFFSKRGTHYLKGGVPGKNMVPGLYDPLGLSKNKSEEALKRGRDSEIKNGRLAMIGVAGLYAAATVDGSVPLQPPC
Thalassiosira_weissflogii_0203571564,MSSDEEEIDSADEEEVSVSEEEEVVVKPKKKKGKKHKDPNKPKRNMSAFFLYSNAHRQRVKDENPGIKFGDVAKILSTEFKSLKPKEAAKWQKLAEQDKERYTREMDGYSPPSDDESDDGDKKKKKKKKDPNAPNEIKALFFLFSNYIRNDVKRRYPDAKFGEIAQIISREFKALPEHERAGWDQRAADDKERYQREMSDYNG
Thalassiosira_weissflogii_0203358160,MMKTLCLATIAASAAAFAPSQVGRASVALNEMSKSIPFLTVPEKLDGSMPGDMGFDPMGLSDIQTDLRYARWGELKNGRVAMLAVLGMVWQEYGPHLPGDAYATRDPWEAISSVGFGSNVQTLLAIGCIELANWNETFNGESRPGTLPGWEGPGWDKKSEAEKERLYTSEIVHCRLAMIAFIGATHQTFLLHKGLLDFSF
Thalassiosira_weissflogii_0201773708,MKTALTLAALVGSAAAFAPVQQGRVSTAVNSYENELGVLDPVGYWDPCGLAKNIDQATFDQYRAAELKHGRVAQLAVIGYIVPEITRANYDFIPGKLSTADIPNGVAALEAIPSLGWAQIVFFIGAVDYYGVLGDFEFGKKYVGGTEEDLKTKELQHGRLAMLAILELLRHDSQNFVSPGFDGLDKMITGLPFLYE
Thalassiosira_weissflogii_0203204228,MMKLAVLAALAGSAAAFAPSQVGRTSSAIKSFEDEIGALPPVGFWDPAGLSDGISEEKFAQYRAAELKHGRVAMLAVLGYVAPETYRFGYDFIPGKLSTADIPNGIAAIDAIPFLGWAQIIFAIGAVDYYGFYRSPTGELDLPADILAKRQTSELQHGRVAMLAFLELIRHDSQNLVSPGFDGYDNLITGLPFLYN
Thalassiosira_weissflogii_0203294158,IKSTISEVFLSIDKMKLAVFATLVAVAAASPQPPKSSRSTALNAVGKQKLQYVPCISTDDLPAPGSATSGVAGGLAICIAVDPAGKVYALGDKCPPVNQPLSFGKVNDDGTIQDPVLGTKFSLKTGEVVGKWCPAGIGKLIGGLFDPVGVPVYPVKAKGKTVEVQVDVNYKANFEANYWSGLLDAQGKANGKYY
Thalassiosira_weissflogii_0201834710,XEVFLSIDKMKLAVFATLVAGTAAFAPASQIKQRSTALNAVGKQKLQYVPCISTDDLPAPGSATSGVAGGLAICIAVDPAGKVYALGDKCPPVNQPLSFGNVNDDGTIQDPVLGTKFSLKTGEVVGKWCPAGIGKLIGGLFDPVGVPVYPVKAKGKTVEVQVDVNYKANFEANYWSGLLDAQGKANGKYY
Thalassiosira_weissflogii_0203540620,MKLAVFATLVAVAAAFAPASQINSDPXALNAVGKQKLQYVPCISTDDLPAPGSATSGVAGGLAICIAVDPAGKVYALGDKCPPVNQPLSFGNVNDDGTIQDPVLGTKFSLKTGEVVGKWCPAGIGKLIGGLFDPVGVPVYPVKAKGKTVEVQVDVNYKANFEANYWSGLLDAQGKANGKYY
Thalassiosira_weissflogii_0203261016,MKLAVFATLVAGTAAFAPASQINSDXTALNAVGKQKLQYVPCISTDDLPAPGSATSGVAGGLAICIAVDPAGKVYALGDKCPPVNQPLSFGNVNDDGTIQDPVLGTKFSLKTGEVVGKWCPAGIGKLIGGLFDPVGVPVYPVKAKGKTVEVQVDVNYKANFEANYWSGLLDAQGKANGKYY
Thalassiosira_weissflogii_0203229036,MKLAVFATLVAGTAASPQPPKSTRSTALNAVGKQKLQYVPCISTDDLPAPGSATSGVAGGLAICIAVDPAGKVYALGDKCPPVNQPLSFGKVNDDGTIQDPVLGTKFSLKTGEVVGNWCPAGIGKLIGGLFDPVGVPVYPVKAKGKTVEVQVDVNYKANFEANYWSGLLDAQGKANGKYY
Thalassiosira_weissflogii_0203382750,MKLAVFATLVAGTAAFAPASQINRSTALNAVGKEKLQYVPCISTDDLPAPGSATSGVAGGLAICIAVDPAGKVYALGDKCPPVNQPLSFGKVNDDGTIQDPVLGTKFSLKTGEVVGNWCPAGIGKLIGGLFDPVGVPVYPVKAKGKTVEVQVDVNYKANFEANYWSGLLDAQGKANGKYY
Thalassiosira_weissflogii_0203104222,MLFSTLARNRTLFARRATLATTSTTSQQQLRQKSSSPIPAPVLSKWYSIFGKSTIGYATWLVGGIIVAEGLTGMLGDAFWGSVNHGRTFDTVDWSKFKTDDEEEEEEEEEEEEEEGTGDEEGDDDDDDDDEWTFDTVDWSKFKTDDEEEEEEEEEEEEEEGAGDEEGDDDDDDDDE
Thalassiosira_weissflogii_0203138818,MLFSTLARNRTLFARRATVATASTTCQQQLRQKSSSPIPAPVLSKWYSIFGKSTIGYATWLVGGIIVAEGLTGMLGDAFWGSVNHGRTFDTVDWSKFKTDDEEEEEEEEEEEEEEGTGDEEGDDDDDDDDEYTVDWSKFKTDDEEEEEEEEEEEEEEEGAGDEEGDDDDDDDDE
Thalassiosira_weissflogii_0203183264,MLFSTLARNRTLFARRATLATTSTTSQQQLRQKSSSPIPAPVLSKWYSIFGKSTIGYATWLVGGIIVAEGLTGMLGDAFWGSVNHGRTFDTVDWSKFKTDDEEEEEEEEEEEEEEEGTGDEEGDDDDDDDDE
Thalassiosira_weissflogii_0171329028,MLFSTLARNRTLFARRATVATASTTCQQQLRQKSSSPIPAPVLSKWYSIFGKSTIGYATWLVGGIIVAEGLTGMLGDAFWGSVNHGRTFDTVDWSKFKTDDEEEEEEEEEEEEEEGAGDEEGDDGDDDDDE
Thalassiosira_weissflogii_0203264230,XGPDAIPGAGFAQIVAFIGALELGVMKDVTGEAEFVGDFRNGALDFGWDSFDEETKLSKRAIELNNGRAAMMGILGLMVHEQLGGELPIVGQM
